#Meta·MV|null|null|null|null|null|null|null|null|null|null|null|null|null|null|null|null|null|null
#Meta·ND|-1|2557|7|12|-1|-1|84|-1|-1|-1|-1|-1|5|-1|-1|-1|-1|-1
|February 13, 1992·44|Thursday·1|June·6|||Jan1992·1||||||Christmas·5|||||
|June 17, 1995·1264|Monday·5|October·10|||May1992·5||||||Winter·1|||||
|June 17, 1996·1630|Friday·2|December·12|||Jan1993·13||||||Summer·3|||||
|February 13, 1994·775|Sunday·4|May·5|||May1993·17||||||Fall·4|||||
|June 17, 1997·1995|Wednesday·7|September·9|||Jan1994·25||||||Spring·2|||||
|February 13, 1993·410|Tuesday·6|March·3|||Jan1995·37|||||||||||
|June 17, 1998·2360|Saturday·3|July·7|||Jan1996·49|||||||||||
|June 17, 1992·169||January·1|||Aug1998·80|||||||||||
|June 17, 1993·534||February·2|||Jan1997·61|||||||||||
|June 17, 1994·899||April·4|||Aug1996·56|||||||||||
|February 13, 1996·1505||August·8|||Jan1998·73|||||||||||
|February 13, 1995·1140||November·11|||Aug1997·68|||||||||||
|February 13, 1998·2236|||||Aug1994·32|||||||||||
|February 13, 1997·1871|||||Aug1995·44|||||||||||
|October 28, 1998·2493|||||Aug1992·8|||||||||||
|October 28, 1997·2128|||||May1998·77|||||||||||
|July 1, 1995·1278|||||Aug1993·20|||||||||||
|July 1, 1994·913|||||May1996·53|||||||||||
|July 1, 1997·2009|||||May1997·65|||||||||||
|July 1, 1996·1644|||||May1994·29|||||||||||
|July 1, 1998·2374|||||May1995·41|||||||||||
|October 28, 1992·302|||||Jul1998·79|||||||||||
|April 3, 1993·459|||||Jul1995·43|||||||||||
|April 3, 1992·94|||||Jul1994·31|||||||||||
|August 30, 1992·243|||||Jul1997·67|||||||||||
|October 28, 1994·1032|||||Jul1996·55|||||||||||
|February 6, 1997·1864|||||Jul1993·19|||||||||||
|October 28, 1993·667|||||Jul1992·7|||||||||||
|February 6, 1998·2229|||||Mar1996·51|||||||||||
|February 6, 1995·1133|||||Mar1995·39|||||||||||
|October 28, 1996·1763|||||Mar1994·27|||||||||||
|October 28, 1995·1397|||||Dec1998·84|||||||||||
|February 6, 1996·1498|||||Mar1993·15|||||||||||
|February 6, 1993·403|||||Dec1997·72|||||||||||
|August 30, 1996·1704|||||Mar1998·75|||||||||||
|February 6, 1994·768|||||Mar1997·63|||||||||||
|August 30, 1995·1338|||||Dec1992·12|||||||||||
|April 3, 1998·2285|||||Dec1996·60|||||||||||
|August 30, 1994·973|||||Dec1995·48|||||||||||
|February 6, 1992·37|||||Dec1994·36|||||||||||
|August 30, 1993·608|||||Dec1993·24|||||||||||
|April 3, 1995·1189|||||Oct1996·58|||||||||||
|April 3, 1994·824|||||Oct1995·46|||||||||||
|February 18, 1998·2241|||||Oct1998·82|||||||||||
|April 19, 1992·110|||||Oct1997·70|||||||||||
|April 3, 1997·1920|||||Oct1992·10|||||||||||
|August 30, 1998·2434|||||Apr1993·16|||||||||||
|April 3, 1996·1555|||||Apr1992·4|||||||||||
|August 30, 1997·2069|||||Oct1994·34|||||||||||
|April 19, 1994·840|||||Apr1995·40|||||||||||
|April 19, 1993·475|||||Oct1993·22|||||||||||
|April 19, 1996·1571|||||Apr1994·28|||||||||||
|April 19, 1995·1205|||||Apr1997·64|||||||||||
|April 19, 1998·2301|||||Apr1996·52|||||||||||
|April 19, 1997·1936|||||Apr1998·76|||||||||||
|February 18, 1995·1145|||||Sep1992·9|||||||||||
|February 18, 1994·780|||||Sep1993·21|||||||||||
|February 18, 1997·1876|||||Sep1994·33|||||||||||
|February 18, 1996·1510|||||Sep1995·45|||||||||||
|February 18, 1993·415|||||Sep1996·57|||||||||||
|February 18, 1992·49|||||Sep1997·69|||||||||||
|July 6, 1998·2379|||||Sep1998·81|||||||||||
|July 6, 1997·2014|||||Nov1993·23|||||||||||
|July 6, 1992·188|||||Nov1992·11|||||||||||
|July 6, 1994·918|||||Nov1998·83|||||||||||
|July 6, 1993·553|||||Mar1992·3|||||||||||
|July 6, 1996·1649|||||Nov1995·47|||||||||||
|July 6, 1995·1283|||||Nov1994·35|||||||||||
|July 1, 1993·548|||||Nov1997·71|||||||||||
|July 1, 1992·183|||||Nov1996·59|||||||||||
|April 8, 1993·464|||||Feb1997·62|||||||||||
|July 28, 1996·1671|||||Feb1996·50|||||||||||
|April 8, 1994·829|||||Feb1998·74|||||||||||
|July 28, 1995·1305|||||Feb1993·14|||||||||||
|February 1, 1998·2224|||||Feb1992·2|||||||||||
|July 28, 1994·940|||||Feb1995·38|||||||||||
|April 8, 1995·1194|||||Feb1994·26|||||||||||
|February 1, 1997·1859|||||Jun1997·66|||||||||||
|July 28, 1993·575|||||Jun1996·54|||||||||||
|February 1, 1996·1493|||||Jun1998·78|||||||||||
|April 8, 1996·1560|||||Jun1993·18|||||||||||
|July 28, 1992·210|||||Jun1992·6|||||||||||
|February 1, 1995·1128|||||Jun1995·42|||||||||||
|February 1, 1994·763|||||Jun1994·30|||||||||||
|February 1, 1993·398||||||||||||||||
|February 1, 1992·32||||||||||||||||
|April 8, 1992·99||||||||||||||||
|August 1, 1998·2405||||||||||||||||
|August 1, 1997·2040||||||||||||||||
|August 1, 1996·1675||||||||||||||||
|August 1, 1995·1309||||||||||||||||
|August 1, 1994·944||||||||||||||||
|April 8, 1997·1925||||||||||||||||
|August 1, 1993·579||||||||||||||||
|April 8, 1998·2290||||||||||||||||
|August 1, 1992·214||||||||||||||||
|July 28, 1998·2401||||||||||||||||
|July 28, 1997·2036||||||||||||||||
|November 30, 1994·1065||||||||||||||||
|November 30, 1995·1430||||||||||||||||
|November 30, 1992·335||||||||||||||||
|November 30, 1993·700||||||||||||||||
|November 30, 1998·2526||||||||||||||||
|November 30, 1996·1796||||||||||||||||
|November 30, 1997·2161||||||||||||||||
|September 5, 1992·249||||||||||||||||
|September 5, 1994·979||||||||||||||||
|September 5, 1993·614||||||||||||||||
|September 5, 1996·1710||||||||||||||||
|September 5, 1995·1344||||||||||||||||
|May 13, 1993·499||||||||||||||||
|May 13, 1992·134||||||||||||||||
|May 13, 1995·1229||||||||||||||||
|May 13, 1994·864||||||||||||||||
|May 13, 1997·1960||||||||||||||||
|May 13, 1996·1595||||||||||||||||
|August 19, 1998·2423||||||||||||||||
|May 13, 1998·2325||||||||||||||||
|August 6, 1998·2410||||||||||||||||
|August 6, 1996·1680||||||||||||||||
|August 6, 1997·2045||||||||||||||||
|August 6, 1994·949||||||||||||||||
|August 6, 1995·1314||||||||||||||||
|January 25, 1997·1852||||||||||||||||
|January 25, 1996·1486||||||||||||||||
|January 25, 1995·1121||||||||||||||||
|January 25, 1994·756||||||||||||||||
|January 25, 1998·2217||||||||||||||||
|January 25, 1993·391||||||||||||||||
|January 25, 1992·25||||||||||||||||
|August 6, 1992·219||||||||||||||||
|August 6, 1993·584||||||||||||||||
|April 30, 1995·1216||||||||||||||||
|April 30, 1994·851||||||||||||||||
|April 30, 1993·486||||||||||||||||
|April 30, 1992·121||||||||||||||||
|January 6, 1996·1467||||||||||||||||
|September 23, 1997·2093||||||||||||||||
|January 6, 1995·1102||||||||||||||||
|September 23, 1998·2458||||||||||||||||
|September 23, 1995·1362||||||||||||||||
|January 6, 1998·2198||||||||||||||||
|September 23, 1996·1728||||||||||||||||
|January 6, 1997·1833||||||||||||||||
|January 6, 1992·6||||||||||||||||
|September 23, 1993·632||||||||||||||||
|September 23, 1994·997||||||||||||||||
|April 30, 1998·2312||||||||||||||||
|January 6, 1994·737||||||||||||||||
|April 30, 1997·1947||||||||||||||||
|September 23, 1992·267||||||||||||||||
|January 6, 1993·372||||||||||||||||
|April 30, 1996·1582||||||||||||||||
|December 13, 1994·1078||||||||||||||||
|December 13, 1995·1443||||||||||||||||
|August 19, 1992·232||||||||||||||||
|December 13, 1996·1809||||||||||||||||
|August 19, 1993·597||||||||||||||||
|December 13, 1997·2174||||||||||||||||
|October 23, 1992·297||||||||||||||||
|August 19, 1994·962||||||||||||||||
|October 23, 1993·662||||||||||||||||
|August 19, 1995·1327||||||||||||||||
|December 13, 1992·348||||||||||||||||
|August 19, 1996·1693||||||||||||||||
|December 13, 1993·713||||||||||||||||
|August 19, 1997·2058||||||||||||||||
|October 23, 1996·1758||||||||||||||||
|October 23, 1997·2123||||||||||||||||
|October 23, 1994·1027||||||||||||||||
|June 8, 1998·2351||||||||||||||||
|October 23, 1995·1392||||||||||||||||
|June 8, 1997·1986||||||||||||||||
|June 8, 1996·1621||||||||||||||||
|December 13, 1998·2539||||||||||||||||
|June 8, 1995·1255||||||||||||||||
|June 8, 1994·890||||||||||||||||
|October 23, 1998·2488||||||||||||||||
|June 8, 1993·525||||||||||||||||
|June 8, 1992·160||||||||||||||||
|September 5, 1998·2440||||||||||||||||
|September 5, 1997·2075||||||||||||||||
|December 27, 1997·2188||||||||||||||||
|December 27, 1998·2553||||||||||||||||
|December 27, 1995·1457||||||||||||||||
|December 27, 1996·1823||||||||||||||||
|December 27, 1993·727||||||||||||||||
|December 27, 1994·1092||||||||||||||||
|December 27, 1992·362||||||||||||||||
|March 9, 1995·1164||||||||||||||||
|March 9, 1996·1530||||||||||||||||
|March 9, 1997·1895||||||||||||||||
|March 9, 1998·2260||||||||||||||||
|March 9, 1992·69||||||||||||||||
|March 9, 1993·434||||||||||||||||
|March 9, 1994·799||||||||||||||||
|October 4, 1992·278||||||||||||||||
|October 4, 1993·643||||||||||||||||
|October 4, 1994·1008||||||||||||||||
|October 4, 1995·1373||||||||||||||||
|October 4, 1996·1739||||||||||||||||
|October 4, 1997·2104||||||||||||||||
|October 4, 1998·2469||||||||||||||||
|August 26, 1993·604||||||||||||||||
|March 21, 1998·2272||||||||||||||||
|August 26, 1992·239||||||||||||||||
|March 21, 1997·1907||||||||||||||||
|March 21, 1996·1542||||||||||||||||
|March 21, 1995·1176||||||||||||||||
|March 21, 1994·811||||||||||||||||
|March 21, 1993·446||||||||||||||||
|March 21, 1992·81||||||||||||||||
|December 22, 1998·2548||||||||||||||||
|December 22, 1997·2183||||||||||||||||
|December 22, 1996·1818||||||||||||||||
|August 26, 1998·2430||||||||||||||||
|December 22, 1995·1452||||||||||||||||
|August 26, 1997·2065||||||||||||||||
|December 22, 1994·1087||||||||||||||||
|August 26, 1996·1700||||||||||||||||
|December 22, 1993·722||||||||||||||||
|August 26, 1995·1334||||||||||||||||
|December 22, 1992·357||||||||||||||||
|August 26, 1994·969||||||||||||||||
|November 26, 1992·331||||||||||||||||
|July 16, 1998·2389||||||||||||||||
|December 5, 1992·340||||||||||||||||
|April 23, 1997·1940||||||||||||||||
|April 23, 1996·1575||||||||||||||||
|July 16, 1993·563||||||||||||||||
|November 26, 1997·2157||||||||||||||||
|July 16, 1992·198||||||||||||||||
|April 23, 1998·2305||||||||||||||||
|November 26, 1998·2522||||||||||||||||
|April 23, 1993·479||||||||||||||||
|July 16, 1995·1293||||||||||||||||
|November 26, 1995·1426||||||||||||||||
|April 23, 1992·114||||||||||||||||
|July 16, 1994·928||||||||||||||||
|November 26, 1996·1792||||||||||||||||
|November 26, 1993·696||||||||||||||||
|April 23, 1995·1209||||||||||||||||
|July 16, 1997·2024||||||||||||||||
|April 23, 1994·844||||||||||||||||
|November 26, 1994·1061||||||||||||||||
|July 16, 1996·1659||||||||||||||||
|January 20, 1995·1116||||||||||||||||
|May 8, 1997·1955||||||||||||||||
|January 20, 1996·1481||||||||||||||||
|May 8, 1996·1590||||||||||||||||
|May 8, 1995·1224||||||||||||||||
|January 20, 1997·1847||||||||||||||||
|May 8, 1994·859||||||||||||||||
|January 20, 1998·2212||||||||||||||||
|May 8, 1993·494||||||||||||||||
|January 20, 1992·20||||||||||||||||
|May 8, 1992·129||||||||||||||||
|January 20, 1993·386||||||||||||||||
|January 20, 1994·751||||||||||||||||
|December 5, 1993·705||||||||||||||||
|December 5, 1994·1070||||||||||||||||
|December 5, 1995·1435||||||||||||||||
|December 5, 1996·1801||||||||||||||||
|December 5, 1997·2166||||||||||||||||
|December 5, 1998·2531||||||||||||||||
|May 8, 1998·2320||||||||||||||||
|July 23, 1992·205||||||||||||||||
|July 23, 1993·570||||||||||||||||
|October 14, 1998·2479||||||||||||||||
|June 3, 1992·155||||||||||||||||
|October 14, 1997·2114||||||||||||||||
|June 3, 1993·520||||||||||||||||
|October 14, 1996·1749||||||||||||||||
|June 3, 1994·885||||||||||||||||
|October 14, 1995·1383||||||||||||||||
|October 14, 1994·1018||||||||||||||||
|June 3, 1995·1250||||||||||||||||
|September 28, 1998·2463||||||||||||||||
|October 14, 1993·653||||||||||||||||
|June 3, 1996·1616||||||||||||||||
|October 14, 1992·288||||||||||||||||
|June 3, 1997·1981||||||||||||||||
|March 26, 1992·86||||||||||||||||
|September 28, 1995·1367||||||||||||||||
|June 3, 1998·2346||||||||||||||||
|March 26, 1993·451||||||||||||||||
|September 28, 1994·1002||||||||||||||||
|September 28, 1997·2098||||||||||||||||
|September 28, 1996·1733||||||||||||||||
|September 28, 1993·637||||||||||||||||
|September 28, 1992·272||||||||||||||||
|March 26, 1998·2277||||||||||||||||
|March 26, 1996·1547||||||||||||||||
|March 26, 1997·1912||||||||||||||||
|March 26, 1994·816||||||||||||||||
|March 26, 1995·1181||||||||||||||||
|January 13, 1993·379||||||||||||||||
|January 13, 1994·744||||||||||||||||
|January 13, 1992·13||||||||||||||||
|December 18, 1992·353||||||||||||||||
|December 18, 1996·1814||||||||||||||||
|March 19, 1997·1905||||||||||||||||
|December 18, 1995·1448||||||||||||||||
|March 19, 1996·1540||||||||||||||||
|December 18, 1994·1083||||||||||||||||
|March 19, 1995·1174||||||||||||||||
|December 18, 1993·718||||||||||||||||
|March 19, 1994·809||||||||||||||||
|March 19, 1993·444||||||||||||||||
|March 19, 1992·79||||||||||||||||
|December 18, 1998·2544||||||||||||||||
|December 18, 1997·2179||||||||||||||||
|June 29, 1992·181||||||||||||||||
|June 29, 1993·546||||||||||||||||
|June 29, 1996·1642||||||||||||||||
|June 29, 1997·2007||||||||||||||||
|June 29, 1994·911||||||||||||||||
|June 29, 1995·1276||||||||||||||||
|July 23, 1994·935||||||||||||||||
|July 23, 1995·1300||||||||||||||||
|July 23, 1996·1666||||||||||||||||
|July 23, 1997·2031||||||||||||||||
|January 13, 1997·1840||||||||||||||||
|July 23, 1998·2396||||||||||||||||
|January 13, 1998·2205||||||||||||||||
|January 13, 1995·1109||||||||||||||||
|January 13, 1996·1474||||||||||||||||
|June 29, 1998·2372||||||||||||||||
|July 19, 1995·1296||||||||||||||||
|July 19, 1996·1662||||||||||||||||
|July 19, 1997·2027||||||||||||||||
|March 19, 1998·2270||||||||||||||||
|July 19, 1998·2392||||||||||||||||
|July 19, 1992·201||||||||||||||||
|July 19, 1993·566||||||||||||||||
|July 19, 1994·931||||||||||||||||
|January 11, 1992·11||||||||||||||||
|January 11, 1994·742||||||||||||||||
|March 30, 1992·90||||||||||||||||
|January 11, 1993·377||||||||||||||||
|January 11, 1996·1472||||||||||||||||
|January 11, 1995·1107||||||||||||||||
|April 14, 1992·105||||||||||||||||
|October 11, 1992·285||||||||||||||||
|March 30, 1995·1185||||||||||||||||
|January 11, 1998·2203||||||||||||||||
|April 14, 1993·470||||||||||||||||
|March 30, 1996·1551||||||||||||||||
|January 11, 1997·1838||||||||||||||||
|March 30, 1993·455||||||||||||||||
|October 11, 1994·1015||||||||||||||||
|October 11, 1993·650||||||||||||||||
|March 30, 1994·820||||||||||||||||
|April 14, 1996·1566||||||||||||||||
|April 14, 1997·1931||||||||||||||||
|April 14, 1994·835||||||||||||||||
|March 30, 1997·1916||||||||||||||||
|April 14, 1995·1200||||||||||||||||
|March 30, 1998·2281||||||||||||||||
|April 14, 1998·2296||||||||||||||||
|October 11, 1996·1746||||||||||||||||
|October 11, 1995·1380||||||||||||||||
|October 11, 1998·2476||||||||||||||||
|October 11, 1997·2111||||||||||||||||
|November 17, 1994·1052||||||||||||||||
|November 17, 1993·687||||||||||||||||
|November 17, 1992·322||||||||||||||||
|November 17, 1998·2513||||||||||||||||
|November 17, 1997·2148||||||||||||||||
|March 6, 1993·431||||||||||||||||
|November 17, 1996·1783||||||||||||||||
|March 6, 1992·66||||||||||||||||
|November 17, 1995·1417||||||||||||||||
|August 28, 1995·1336||||||||||||||||
|August 28, 1994·971||||||||||||||||
|August 28, 1993·606||||||||||||||||
|August 28, 1992·241||||||||||||||||
|August 28, 1998·2432||||||||||||||||
|August 28, 1997·2067||||||||||||||||
|August 28, 1996·1702||||||||||||||||
|March 6, 1995·1161||||||||||||||||
|March 6, 1994·796||||||||||||||||
|March 6, 1997·1892||||||||||||||||
|March 6, 1996·1527||||||||||||||||
|March 6, 1998·2257||||||||||||||||
|April 21, 1995·1207||||||||||||||||
|April 21, 1994·842||||||||||||||||
|April 21, 1997·1938||||||||||||||||
|April 21, 1996·1573||||||||||||||||
|December 31, 1992·366||||||||||||||||
|December 31, 1993·731||||||||||||||||
|April 21, 1998·2303||||||||||||||||
|December 31, 1996·1827||||||||||||||||
|December 31, 1997·2192||||||||||||||||
|December 31, 1994·1096||||||||||||||||
|December 31, 1995·1461||||||||||||||||
|April 21, 1993·477||||||||||||||||
|December 31, 1998·2557||||||||||||||||
|April 21, 1992·112||||||||||||||||
|November 7, 1998·2503||||||||||||||||
|November 7, 1997·2138||||||||||||||||
|November 7, 1996·1773||||||||||||||||
|November 7, 1995·1407||||||||||||||||
|November 7, 1994·1042||||||||||||||||
|September 20, 1998·2455||||||||||||||||
|September 20, 1993·629||||||||||||||||
|September 20, 1992·264||||||||||||||||
|September 20, 1997·2090||||||||||||||||
|September 20, 1996·1725||||||||||||||||
|September 20, 1995·1359||||||||||||||||
|September 20, 1994·994||||||||||||||||
|November 7, 1993·677||||||||||||||||
|November 7, 1992·312||||||||||||||||
|May 20, 1993·506||||||||||||||||
|June 30, 1995·1277||||||||||||||||
|May 20, 1992·141||||||||||||||||
|June 30, 1994·912||||||||||||||||
|November 5, 1998·2501||||||||||||||||
|June 30, 1993·547||||||||||||||||
|November 5, 1997·2136||||||||||||||||
|June 30, 1992·182||||||||||||||||
|November 5, 1996·1771||||||||||||||||
|July 20, 1998·2393||||||||||||||||
|July 20, 1997·2028||||||||||||||||
|June 30, 1998·2373||||||||||||||||
|June 30, 1997·2008||||||||||||||||
|June 30, 1996·1643||||||||||||||||
|December 20, 1993·720||||||||||||||||
|December 3, 1995·1433||||||||||||||||
|December 20, 1992·355||||||||||||||||
|December 3, 1996·1799||||||||||||||||
|December 3, 1997·2164||||||||||||||||
|December 3, 1998·2529||||||||||||||||
|December 20, 1997·2181||||||||||||||||
|December 3, 1992·338||||||||||||||||
|December 20, 1996·1816||||||||||||||||
|December 3, 1993·703||||||||||||||||
|December 20, 1995·1450||||||||||||||||
|December 3, 1994·1068||||||||||||||||
|December 20, 1994·1085||||||||||||||||
|December 20, 1998·2546||||||||||||||||
|August 21, 1992·234||||||||||||||||
|August 21, 1993·599||||||||||||||||
|August 21, 1994·964||||||||||||||||
|May 20, 1998·2332||||||||||||||||
|August 21, 1995·1329||||||||||||||||
|May 20, 1997·1967||||||||||||||||
|May 20, 1996·1602||||||||||||||||
|August 21, 1996·1695||||||||||||||||
|May 20, 1995·1236||||||||||||||||
|August 21, 1997·2060||||||||||||||||
|May 20, 1994·871||||||||||||||||
|August 21, 1998·2425||||||||||||||||
|September 25, 1995·1364||||||||||||||||
|September 25, 1996·1730||||||||||||||||
|September 25, 1993·634||||||||||||||||
|September 25, 1994·999||||||||||||||||
|April 28, 1995·1214||||||||||||||||
|April 28, 1996·1580||||||||||||||||
|April 28, 1997·1945||||||||||||||||
|September 25, 1997·2095||||||||||||||||
|April 28, 1998·2310||||||||||||||||
|September 25, 1998·2460||||||||||||||||
|April 28, 1992·119||||||||||||||||
|November 2, 1992·307||||||||||||||||
|April 28, 1993·484||||||||||||||||
|November 2, 1993·672||||||||||||||||
|April 28, 1994·849||||||||||||||||
|November 2, 1994·1037||||||||||||||||
|November 2, 1995·1402||||||||||||||||
|September 25, 1992·269||||||||||||||||
|November 2, 1996·1768||||||||||||||||
|November 2, 1997·2133||||||||||||||||
|November 2, 1998·2498||||||||||||||||
|July 20, 1994·932||||||||||||||||
|July 20, 1993·567||||||||||||||||
|July 20, 1996·1663||||||||||||||||
|July 20, 1995·1297||||||||||||||||
|November 5, 1995·1405||||||||||||||||
|September 7, 1996·1712||||||||||||||||
|November 5, 1994·1040||||||||||||||||
|September 7, 1995·1346||||||||||||||||
|July 20, 1992·202||||||||||||||||
|November 5, 1993·675||||||||||||||||
|September 7, 1998·2442||||||||||||||||
|November 5, 1992·310||||||||||||||||
|September 7, 1997·2077||||||||||||||||
|September 7, 1992·251||||||||||||||||
|August 23, 1993·601||||||||||||||||
|August 23, 1994·966||||||||||||||||
|January 22, 1992·22||||||||||||||||
|September 7, 1994·981||||||||||||||||
|August 23, 1995·1331||||||||||||||||
|September 7, 1993·616||||||||||||||||
|August 23, 1996·1697||||||||||||||||
|January 22, 1994·753||||||||||||||||
|January 22, 1993·388||||||||||||||||
|January 22, 1996·1483||||||||||||||||
|August 23, 1992·236||||||||||||||||
|January 22, 1995·1118||||||||||||||||
|November 19, 1997·2150||||||||||||||||
|November 19, 1998·2515||||||||||||||||
|August 23, 1997·2062||||||||||||||||
|August 23, 1998·2427||||||||||||||||
|November 19, 1992·324||||||||||||||||
|November 19, 1993·689||||||||||||||||
|November 19, 1994·1054||||||||||||||||
|November 19, 1995·1419||||||||||||||||
|November 19, 1996·1785||||||||||||||||
|January 22, 1998·2214||||||||||||||||
|January 22, 1997·1849||||||||||||||||
|April 26, 1992·117||||||||||||||||
|April 26, 1993·482||||||||||||||||
|August 4, 1994·947||||||||||||||||
|April 26, 1994·847||||||||||||||||
|August 4, 1995·1312||||||||||||||||
|August 4, 1992·217||||||||||||||||
|April 26, 1995·1212||||||||||||||||
|August 4, 1993·582||||||||||||||||
|April 26, 1996·1578||||||||||||||||
|April 26, 1997·1943||||||||||||||||
|April 26, 1998·2308||||||||||||||||
|August 4, 1998·2408||||||||||||||||
|August 4, 1996·1678||||||||||||||||
|August 4, 1997·2043||||||||||||||||
|May 27, 1998·2339||||||||||||||||
|May 27, 1997·1974||||||||||||||||
|May 27, 1996·1609||||||||||||||||
|May 27, 1995·1243||||||||||||||||
|May 27, 1994·878||||||||||||||||
|May 27, 1993·513||||||||||||||||
|May 27, 1992·148||||||||||||||||
|February 16, 1992·47||||||||||||||||
|November 14, 1995·1414||||||||||||||||
|February 16, 1993·413||||||||||||||||
|November 14, 1994·1049||||||||||||||||
|February 16, 1994·778||||||||||||||||
|November 14, 1997·2145||||||||||||||||
|February 16, 1995·1143||||||||||||||||
|November 14, 1996·1780||||||||||||||||
|February 16, 1996·1508||||||||||||||||
|February 16, 1997·1874||||||||||||||||
|November 14, 1998·2510||||||||||||||||
|February 16, 1998·2239||||||||||||||||
|January 27, 1992·27||||||||||||||||
|January 27, 1993·393||||||||||||||||
|January 27, 1994·758||||||||||||||||
|January 27, 1995·1123||||||||||||||||
|January 27, 1996·1488||||||||||||||||
|January 27, 1997·1854||||||||||||||||
|November 14, 1993·684||||||||||||||||
|January 27, 1998·2219||||||||||||||||
|November 14, 1992·319||||||||||||||||
|October 25, 1998·2490||||||||||||||||
|October 25, 1997·2125||||||||||||||||
|October 25, 1996·1760||||||||||||||||
|October 25, 1995·1394||||||||||||||||
|October 25, 1994·1029||||||||||||||||
|October 25, 1993·664||||||||||||||||
|October 25, 1992·299||||||||||||||||
|June 14, 1995·1261||||||||||||||||
|June 14, 1994·896||||||||||||||||
|June 14, 1997·1992||||||||||||||||
|June 14, 1996·1627||||||||||||||||
|June 14, 1998·2357||||||||||||||||
|June 14, 1993·531||||||||||||||||
|June 14, 1992·166||||||||||||||||
|May 22, 1996·1604||||||||||||||||
|May 22, 1997·1969||||||||||||||||
|May 22, 1998·2334||||||||||||||||
|May 22, 1992·143||||||||||||||||
|May 22, 1993·508||||||||||||||||
|May 22, 1994·873||||||||||||||||
|May 22, 1995·1238||||||||||||||||
|February 11, 1998·2234||||||||||||||||
|February 11, 1997·1869||||||||||||||||
|June 15, 1998·2358||||||||||||||||
|June 15, 1997·1993||||||||||||||||
|June 15, 1996·1628||||||||||||||||
|June 15, 1995·1262||||||||||||||||
|June 15, 1994·897||||||||||||||||
|June 15, 1993·532||||||||||||||||
|June 15, 1992·167||||||||||||||||
|February 11, 1992·42||||||||||||||||
|February 11, 1994·773||||||||||||||||
|February 11, 1993·408||||||||||||||||
|February 11, 1996·1503||||||||||||||||
|February 11, 1995·1138||||||||||||||||
|March 4, 1997·1890||||||||||||||||
|March 4, 1996·1525||||||||||||||||
|March 4, 1998·2255||||||||||||||||
|February 10, 1993·407||||||||||||||||
|March 4, 1993·429||||||||||||||||
|February 10, 1992·41||||||||||||||||
|March 4, 1992·64||||||||||||||||
|March 4, 1995·1159||||||||||||||||
|March 4, 1994·794||||||||||||||||
|February 10, 1997·1868||||||||||||||||
|February 10, 1996·1502||||||||||||||||
|February 10, 1995·1137||||||||||||||||
|February 10, 1994·772||||||||||||||||
|October 26, 1996·1761||||||||||||||||
|October 26, 1995·1395||||||||||||||||
|October 26, 1998·2491||||||||||||||||
|October 26, 1997·2126||||||||||||||||
|February 10, 1998·2233||||||||||||||||
|October 26, 1992·300||||||||||||||||
|October 26, 1994·1030||||||||||||||||
|October 26, 1993·665||||||||||||||||
|September 2, 1998·2437||||||||||||||||
|June 10, 1992·162||||||||||||||||
|September 2, 1996·1707||||||||||||||||
|June 10, 1993·527||||||||||||||||
|September 2, 1997·2072||||||||||||||||
|June 10, 1994·892||||||||||||||||
|September 2, 1994·976||||||||||||||||
|June 10, 1995·1257||||||||||||||||
|September 2, 1995·1341||||||||||||||||
|September 2, 1992·246||||||||||||||||
|June 10, 1996·1623||||||||||||||||
|September 2, 1993·611||||||||||||||||
|June 10, 1997·1988||||||||||||||||
|June 10, 1998·2353||||||||||||||||
|February 15, 1992·46||||||||||||||||
|August 9, 1992·222||||||||||||||||
|February 15, 1995·1142||||||||||||||||
|January 28, 1997·1855||||||||||||||||
|February 15, 1996·1507||||||||||||||||
|January 28, 1998·2220||||||||||||||||
|February 15, 1993·412||||||||||||||||
|August 9, 1994·952||||||||||||||||
|January 28, 1995·1124||||||||||||||||
|August 9, 1993·587||||||||||||||||
|February 15, 1994·777||||||||||||||||
|January 28, 1996·1489||||||||||||||||
|January 28, 1993·394||||||||||||||||
|August 9, 1996·1683||||||||||||||||
|January 28, 1994·759||||||||||||||||
|August 9, 1995·1317||||||||||||||||
|February 15, 1997·1873||||||||||||||||
|August 9, 1998·2413||||||||||||||||
|January 28, 1992·28||||||||||||||||
|August 9, 1997·2048||||||||||||||||
|February 15, 1998·2238||||||||||||||||
|March 1, 1993·426||||||||||||||||
|March 1, 1994·791||||||||||||||||
|March 1, 1992·61||||||||||||||||
|November 12, 1996·1778||||||||||||||||
|March 1, 1997·1887||||||||||||||||
|June 12, 1997·1990||||||||||||||||
|June 12, 1996·1625||||||||||||||||
|November 12, 1997·2143||||||||||||||||
|March 1, 1998·2252||||||||||||||||
|March 1, 1995·1156||||||||||||||||
|November 12, 1998·2508||||||||||||||||
|March 1, 1996·1522||||||||||||||||
|June 12, 1998·2355||||||||||||||||
|November 12, 1992·317||||||||||||||||
|June 12, 1993·529||||||||||||||||
|June 12, 1992·164||||||||||||||||
|November 12, 1993·682||||||||||||||||
|November 12, 1994·1047||||||||||||||||
|June 12, 1995·1259||||||||||||||||
|June 12, 1994·894||||||||||||||||
|November 12, 1995·1412||||||||||||||||
|May 25, 1998·2337||||||||||||||||
|May 25, 1997·1972||||||||||||||||
|May 25, 1996·1607||||||||||||||||
|May 25, 1995·1241||||||||||||||||
|May 25, 1994·876||||||||||||||||
|May 25, 1993·511||||||||||||||||
|May 25, 1992·146||||||||||||||||
|December 24, 1998·2550||||||||||||||||
|December 24, 1994·1089||||||||||||||||
|December 24, 1995·1454||||||||||||||||
|December 24, 1996·1820||||||||||||||||
|December 24, 1997·2185||||||||||||||||
|December 24, 1992·359||||||||||||||||
|December 24, 1993·724||||||||||||||||
|September 21, 1992·265||||||||||||||||
|September 21, 1994·995||||||||||||||||
|September 21, 1993·630||||||||||||||||
|September 21, 1996·1726||||||||||||||||
|September 21, 1995·1360||||||||||||||||
|September 21, 1998·2456||||||||||||||||
|September 21, 1997·2091||||||||||||||||
|December 7, 1995·1437||||||||||||||||
|May 11, 1997·1958||||||||||||||||
|May 11, 1996·1593||||||||||||||||
|December 7, 1996·1803||||||||||||||||
|December 7, 1997·2168||||||||||||||||
|May 11, 1998·2323||||||||||||||||
|December 7, 1998·2533||||||||||||||||
|May 11, 1993·497||||||||||||||||
|May 11, 1992·132||||||||||||||||
|December 7, 1992·342||||||||||||||||
|December 7, 1993·707||||||||||||||||
|May 11, 1995·1227||||||||||||||||
|May 11, 1994·862||||||||||||||||
|December 7, 1994·1072||||||||||||||||
|December 29, 1996·1825||||||||||||||||
|December 29, 1995·1459||||||||||||||||
|December 29, 1994·1094||||||||||||||||
|December 29, 1993·729||||||||||||||||
|December 29, 1998·2555||||||||||||||||
|December 29, 1997·2190||||||||||||||||
|December 29, 1992·364||||||||||||||||
|March 11, 1995·1166||||||||||||||||
|August 8, 1995·1316||||||||||||||||
|March 11, 1994·801||||||||||||||||
|August 8, 1994·951||||||||||||||||
|August 8, 1993·586||||||||||||||||
|March 11, 1997·1897||||||||||||||||
|August 8, 1992·221||||||||||||||||
|March 11, 1996·1532||||||||||||||||
|August 8, 1998·2412||||||||||||||||
|March 11, 1993·436||||||||||||||||
|August 8, 1997·2047||||||||||||||||
|March 11, 1992·71||||||||||||||||
|August 8, 1996·1682||||||||||||||||
|September 26, 1993·635||||||||||||||||
|September 3, 1995·1342||||||||||||||||
|September 26, 1992·270||||||||||||||||
|September 3, 1996·1708||||||||||||||||
|September 26, 1995·1365||||||||||||||||
|September 3, 1997·2073||||||||||||||||
|September 26, 1994·1000||||||||||||||||
|September 3, 1998·2438||||||||||||||||
|September 26, 1997·2096||||||||||||||||
|September 3, 1992·247||||||||||||||||
|September 26, 1996·1731||||||||||||||||
|March 11, 1998·2262||||||||||||||||
|September 3, 1993·612||||||||||||||||
|September 3, 1994·977||||||||||||||||
|September 26, 1998·2461||||||||||||||||
|September 8, 1997·2078||||||||||||||||
|May 16, 1992·137||||||||||||||||
|September 8, 1996·1713||||||||||||||||
|May 16, 1993·502||||||||||||||||
|September 8, 1995·1347||||||||||||||||
|May 16, 1994·867||||||||||||||||
|September 8, 1994·982||||||||||||||||
|September 8, 1998·2443||||||||||||||||
|January 31, 1995·1127||||||||||||||||
|January 31, 1996·1492||||||||||||||||
|January 31, 1997·1858||||||||||||||||
|January 31, 1998·2223||||||||||||||||
|May 16, 1995·1232||||||||||||||||
|January 31, 1992·31||||||||||||||||
|May 16, 1996·1598||||||||||||||||
|January 31, 1993·397||||||||||||||||
|May 16, 1997·1963||||||||||||||||
|January 31, 1994·762||||||||||||||||
|May 16, 1998·2328||||||||||||||||
|February 8, 1992·39||||||||||||||||
|August 3, 1993·581||||||||||||||||
|October 6, 1994·1010||||||||||||||||
|April 1, 1997·1918||||||||||||||||
|July 13, 1992·195||||||||||||||||
|October 6, 1993·645||||||||||||||||
|August 3, 1994·946||||||||||||||||
|April 1, 1996·1553||||||||||||||||
|August 3, 1995·1311||||||||||||||||
|October 6, 1996·1741||||||||||||||||
|October 6, 1995·1375||||||||||||||||
|August 3, 1996·1677||||||||||||||||
|April 1, 1998·2283||||||||||||||||
|October 6, 1992·280||||||||||||||||
|August 3, 1992·216||||||||||||||||
|March 16, 1992·76||||||||||||||||
|April 1, 1993·457||||||||||||||||
|August 3, 1997·2042||||||||||||||||
|October 6, 1998·2471||||||||||||||||
|April 1, 1992·92||||||||||||||||
|October 6, 1997·2106||||||||||||||||
|August 3, 1998·2407||||||||||||||||
|April 1, 1995·1187||||||||||||||||
|April 1, 1994·822||||||||||||||||
|February 8, 1995·1135||||||||||||||||
|March 16, 1998·2267||||||||||||||||
|February 8, 1996·1500||||||||||||||||
|March 16, 1997·1902||||||||||||||||
|February 8, 1993·405||||||||||||||||
|February 8, 1994·770||||||||||||||||
|September 8, 1993·617||||||||||||||||
|March 16, 1994·806||||||||||||||||
|September 8, 1992·252||||||||||||||||
|March 16, 1993·441||||||||||||||||
|March 16, 1996·1537||||||||||||||||
|February 8, 1997·1866||||||||||||||||
|March 16, 1995·1171||||||||||||||||
|February 8, 1998·2231||||||||||||||||
|February 24, 1996·1516||||||||||||||||
|February 24, 1995·1151||||||||||||||||
|February 24, 1998·2247||||||||||||||||
|February 24, 1997·1882||||||||||||||||
|February 24, 1992·55||||||||||||||||
|February 24, 1994·786||||||||||||||||
|February 24, 1993·421||||||||||||||||
|March 7, 1992·67||||||||||||||||
|July 3, 1998·2376||||||||||||||||
|August 24, 1998·2428||||||||||||||||
|July 3, 1996·1646||||||||||||||||
|August 24, 1996·1698||||||||||||||||
|July 3, 1997·2011||||||||||||||||
|August 24, 1997·2063||||||||||||||||
|July 3, 1994·915||||||||||||||||
|December 2, 1997·2163||||||||||||||||
|July 3, 1995·1280||||||||||||||||
|December 2, 1996·1798||||||||||||||||
|July 3, 1992·185||||||||||||||||
|July 3, 1993·550||||||||||||||||
|December 2, 1998·2528||||||||||||||||
|August 24, 1994·967||||||||||||||||
|August 24, 1995·1332||||||||||||||||
|August 24, 1992·237||||||||||||||||
|August 24, 1993·602||||||||||||||||
|July 13, 1997·2021||||||||||||||||
|July 13, 1998·2386||||||||||||||||
|July 13, 1995·1290||||||||||||||||
|July 13, 1996·1656||||||||||||||||
|July 13, 1993·560||||||||||||||||
|July 13, 1994·925||||||||||||||||
|December 2, 1993·702||||||||||||||||
|December 2, 1992·337||||||||||||||||
|December 2, 1995·1432||||||||||||||||
|March 7, 1998·2258||||||||||||||||
|December 2, 1994·1067||||||||||||||||
|March 7, 1997·1893||||||||||||||||
|March 7, 1996·1528||||||||||||||||
|March 7, 1995·1162||||||||||||||||
|March 7, 1994·797||||||||||||||||
|March 7, 1993·432||||||||||||||||
|July 17, 1998·2390||||||||||||||||
|July 17, 1997·2025||||||||||||||||
|July 4, 1995·1281||||||||||||||||
|July 17, 1996·1660||||||||||||||||
|July 17, 1995·1294||||||||||||||||
|July 4, 1996·1647||||||||||||||||
|July 17, 1994·929||||||||||||||||
|July 4, 1997·2012||||||||||||||||
|July 17, 1993·564||||||||||||||||
|July 4, 1998·2377||||||||||||||||
|July 17, 1992·199||||||||||||||||
|July 4, 1992·186||||||||||||||||
|July 4, 1993·551||||||||||||||||
|July 4, 1994·916||||||||||||||||
|August 25, 1992·238||||||||||||||||
|August 25, 1994·968||||||||||||||||
|August 25, 1993·603||||||||||||||||
|August 25, 1996·1699||||||||||||||||
|August 25, 1995·1333||||||||||||||||
|August 25, 1998·2429||||||||||||||||
|August 25, 1997·2064||||||||||||||||
|February 28, 1997·1886||||||||||||||||
|February 28, 1998·2251||||||||||||||||
|February 28, 1995·1155||||||||||||||||
|February 28, 1996·1520||||||||||||||||
|February 28, 1993·425||||||||||||||||
|February 28, 1994·790||||||||||||||||
|February 28, 1992·59||||||||||||||||
|October 5, 1998·2470||||||||||||||||
|October 5, 1997·2105||||||||||||||||
|October 5, 1996·1740||||||||||||||||
|October 5, 1995·1374||||||||||||||||
|October 5, 1994·1009||||||||||||||||
|October 5, 1993·644||||||||||||||||
|October 5, 1992·279||||||||||||||||
|December 28, 1993·728||||||||||||||||
|February 29, 1996·1521||||||||||||||||
|December 28, 1992·363||||||||||||||||
|February 29, 1992·60||||||||||||||||
|December 28, 1998·2554||||||||||||||||
|December 28, 1995·1458||||||||||||||||
|December 28, 1994·1093||||||||||||||||
|December 28, 1997·2189||||||||||||||||
|December 28, 1996·1824||||||||||||||||
|December 6, 1998·2532||||||||||||||||
|December 6, 1996·1802||||||||||||||||
|December 6, 1997·2167||||||||||||||||
|December 6, 1994·1071||||||||||||||||
|December 6, 1995·1436||||||||||||||||
|December 6, 1992·341||||||||||||||||
|December 6, 1993·706||||||||||||||||
|July 8, 1992·190||||||||||||||||
|August 29, 1993·607||||||||||||||||
|December 23, 1996·1819||||||||||||||||
|August 29, 1994·972||||||||||||||||
|December 23, 1995·1453||||||||||||||||
|July 8, 1994·920||||||||||||||||
|December 23, 1998·2549||||||||||||||||
|August 29, 1992·242||||||||||||||||
|July 8, 1993·555||||||||||||||||
|December 23, 1997·2184||||||||||||||||
|December 23, 1992·358||||||||||||||||
|August 29, 1997·2068||||||||||||||||
|August 29, 1998·2433||||||||||||||||
|December 23, 1994·1088||||||||||||||||
|August 29, 1995·1337||||||||||||||||
|December 23, 1993·723||||||||||||||||
|August 29, 1996·1703||||||||||||||||
|July 8, 1996·1651||||||||||||||||
|July 8, 1995·1285||||||||||||||||
|July 8, 1998·2381||||||||||||||||
|July 8, 1997·2016||||||||||||||||
|July 18, 1994·930||||||||||||||||
|July 18, 1995·1295||||||||||||||||
|July 18, 1992·200||||||||||||||||
|July 18, 1993·565||||||||||||||||
|July 18, 1998·2391||||||||||||||||
|July 18, 1996·1661||||||||||||||||
|July 18, 1997·2026||||||||||||||||
|October 1, 1992·275||||||||||||||||
|July 9, 1997·2017||||||||||||||||
|October 1, 1993·640||||||||||||||||
|July 9, 1996·1652||||||||||||||||
|July 9, 1995·1286||||||||||||||||
|July 9, 1994·921||||||||||||||||
|December 8, 1998·2534||||||||||||||||
|July 9, 1998·2382||||||||||||||||
|December 8, 1993·708||||||||||||||||
|April 6, 1992·97||||||||||||||||
|December 8, 1992·343||||||||||||||||
|April 6, 1993·462||||||||||||||||
|October 1, 1998·2466||||||||||||||||
|April 6, 1994·827||||||||||||||||
|July 9, 1993·556||||||||||||||||
|April 6, 1995·1192||||||||||||||||
|October 1, 1996·1736||||||||||||||||
|December 8, 1997·2169||||||||||||||||
|July 9, 1992·191||||||||||||||||
|April 6, 1996·1558||||||||||||||||
|December 8, 1996·1804||||||||||||||||
|October 1, 1997·2101||||||||||||||||
|October 1, 1994·1005||||||||||||||||
|December 8, 1995·1438||||||||||||||||
|April 6, 1997·1923||||||||||||||||
|December 8, 1994·1073||||||||||||||||
|October 1, 1995·1370||||||||||||||||
|April 6, 1998·2288||||||||||||||||
|December 25, 1992·360||||||||||||||||
|December 25, 1995·1455||||||||||||||||
|December 25, 1996·1821||||||||||||||||
|December 25, 1993·725||||||||||||||||
|December 25, 1994·1090||||||||||||||||
|December 25, 1997·2186||||||||||||||||
|December 25, 1998·2551||||||||||||||||
|April 5, 1994·826||||||||||||||||
|October 2, 1997·2102||||||||||||||||
|April 5, 1995·1191||||||||||||||||
|October 2, 1998·2467||||||||||||||||
|April 5, 1992·96||||||||||||||||
|April 5, 1993·461||||||||||||||||
|October 2, 1993·641||||||||||||||||
|April 5, 1998·2287||||||||||||||||
|October 2, 1994·1006||||||||||||||||
|October 2, 1995·1371||||||||||||||||
|April 5, 1996·1557||||||||||||||||
|October 2, 1996·1737||||||||||||||||
|April 5, 1997·1922||||||||||||||||
|October 2, 1992·276||||||||||||||||
|May 17, 1996·1599||||||||||||||||
|May 17, 1997·1964||||||||||||||||
|May 17, 1994·868||||||||||||||||
|May 17, 1995·1233||||||||||||||||
|May 17, 1998·2329||||||||||||||||
|May 17, 1992·138||||||||||||||||
|May 17, 1993·503||||||||||||||||
|October 30, 1993·669||||||||||||||||
|October 30, 1992·304||||||||||||||||
|October 30, 1995·1399||||||||||||||||
|October 30, 1994·1034||||||||||||||||
|October 30, 1997·2130||||||||||||||||
|October 30, 1996·1765||||||||||||||||
|July 14, 1997·2022||||||||||||||||
|July 14, 1996·1657||||||||||||||||
|October 30, 1998·2495||||||||||||||||
|July 14, 1998·2387||||||||||||||||
|July 14, 1993·561||||||||||||||||
|July 14, 1992·196||||||||||||||||
|July 14, 1995·1291||||||||||||||||
|July 14, 1994·926||||||||||||||||
|October 7, 1995·1376||||||||||||||||
|October 7, 1994·1011||||||||||||||||
|October 7, 1993·646||||||||||||||||
|October 7, 1992·281||||||||||||||||
|February 20, 1995·1147||||||||||||||||
|February 20, 1996·1512||||||||||||||||
|February 20, 1997·1878||||||||||||||||
|February 20, 1998·2243||||||||||||||||
|March 12, 1997·1898||||||||||||||||
|February 20, 1992·51||||||||||||||||
|March 12, 1998·2263||||||||||||||||
|February 20, 1993·417||||||||||||||||
|February 20, 1994·782||||||||||||||||
|March 12, 1993·437||||||||||||||||
|March 12, 1994·802||||||||||||||||
|October 7, 1998·2472||||||||||||||||
|March 12, 1995·1167||||||||||||||||
|October 7, 1997·2107||||||||||||||||
|March 12, 1996·1533||||||||||||||||
|October 7, 1996·1742||||||||||||||||
|March 12, 1992·72||||||||||||||||
|February 7, 1992·38||||||||||||||||
|February 7, 1993·404||||||||||||||||
|April 2, 1998·2284||||||||||||||||
|April 2, 1997·1919||||||||||||||||
|April 2, 1996·1554||||||||||||||||
|April 2, 1995·1188||||||||||||||||
|April 2, 1994·823||||||||||||||||
|March 17, 1995·1172||||||||||||||||
|February 7, 1998·2230||||||||||||||||
|April 2, 1993·458||||||||||||||||
|March 17, 1994·807||||||||||||||||
|April 2, 1992·93||||||||||||||||
|March 17, 1993·442||||||||||||||||
|March 17, 1992·77||||||||||||||||
|February 7, 1994·769||||||||||||||||
|February 7, 1995·1134||||||||||||||||
|March 17, 1998·2268||||||||||||||||
|February 7, 1996·1499||||||||||||||||
|March 17, 1997·1903||||||||||||||||
|March 17, 1996·1538||||||||||||||||
|February 7, 1997·1865||||||||||||||||
|May 10, 1992·131||||||||||||||||
|August 31, 1993·609||||||||||||||||
|August 31, 1992·244||||||||||||||||
|August 31, 1995·1339||||||||||||||||
|May 10, 1997·1957||||||||||||||||
|August 31, 1994·974||||||||||||||||
|May 10, 1998·2322||||||||||||||||
|May 10, 1995·1226||||||||||||||||
|August 31, 1997·2070||||||||||||||||
|May 10, 1996·1592||||||||||||||||
|August 31, 1996·1705||||||||||||||||
|May 10, 1993·496||||||||||||||||
|May 10, 1994·861||||||||||||||||
|August 31, 1998·2435||||||||||||||||
|February 27, 1992·58||||||||||||||||
|September 30, 1995·1369||||||||||||||||
|February 27, 1993·424||||||||||||||||
|September 30, 1996·1735||||||||||||||||
|February 27, 1994·789||||||||||||||||
|September 30, 1997·2100||||||||||||||||
|February 27, 1995·1154||||||||||||||||
|September 30, 1998·2465||||||||||||||||
|February 27, 1996·1519||||||||||||||||
|September 30, 1992·274||||||||||||||||
|February 27, 1997·1885||||||||||||||||
|September 30, 1993·639||||||||||||||||
|February 27, 1998·2250||||||||||||||||
|September 30, 1994·1004||||||||||||||||
|January 30, 1997·1857||||||||||||||||
|January 30, 1996·1491||||||||||||||||
|January 30, 1998·2222||||||||||||||||
|January 30, 1993·396||||||||||||||||
|January 30, 1992·30||||||||||||||||
|January 30, 1995·1126||||||||||||||||
|January 30, 1994·761||||||||||||||||
|March 15, 1998·2266||||||||||||||||
|March 15, 1996·1536||||||||||||||||
|March 15, 1997·1901||||||||||||||||
|March 15, 1994·805||||||||||||||||
|March 15, 1995·1170||||||||||||||||
|March 15, 1992·75||||||||||||||||
|May 12, 1994·863||||||||||||||||
|March 15, 1993·440||||||||||||||||
|May 12, 1993·498||||||||||||||||
|May 12, 1992·133||||||||||||||||
|May 12, 1998·2324||||||||||||||||
|May 12, 1997·1959||||||||||||||||
|May 12, 1996·1594||||||||||||||||
|May 12, 1995·1228||||||||||||||||
|July 12, 1994·924||||||||||||||||
|July 12, 1995·1289||||||||||||||||
|July 12, 1996·1655||||||||||||||||
|July 12, 1997·2020||||||||||||||||
|July 12, 1998·2385||||||||||||||||
|March 14, 1995·1169||||||||||||||||
|March 14, 1996·1535||||||||||||||||
|March 14, 1997·1900||||||||||||||||
|March 14, 1998·2265||||||||||||||||
|October 9, 1994·1013||||||||||||||||
|October 9, 1995·1378||||||||||||||||
|October 9, 1996·1744||||||||||||||||
|October 9, 1997·2109||||||||||||||||
|October 9, 1998·2474||||||||||||||||
|March 14, 1992·74||||||||||||||||
|March 14, 1993·439||||||||||||||||
|March 14, 1994·804||||||||||||||||
|February 25, 1993·422||||||||||||||||
|February 25, 1992·56||||||||||||||||
|October 9, 1992·283||||||||||||||||
|October 9, 1993·648||||||||||||||||
|February 25, 1997·1883||||||||||||||||
|February 25, 1996·1517||||||||||||||||
|February 25, 1995·1152||||||||||||||||
|February 25, 1994·787||||||||||||||||
|February 25, 1998·2248||||||||||||||||
|February 23, 1995·1150||||||||||||||||
|February 23, 1994·785||||||||||||||||
|February 23, 1993·420||||||||||||||||
|February 23, 1992·54||||||||||||||||
|February 23, 1998·2246||||||||||||||||
|February 23, 1997·1881||||||||||||||||
|February 23, 1996·1515||||||||||||||||
|February 9, 1992·40||||||||||||||||
|February 9, 1993·406||||||||||||||||
|February 9, 1994·771||||||||||||||||
|February 9, 1995·1136||||||||||||||||
|February 9, 1996·1501||||||||||||||||
|February 9, 1997·1867||||||||||||||||
|February 9, 1998·2232||||||||||||||||
|July 11, 1997·2019||||||||||||||||
|July 11, 1998·2384||||||||||||||||
|July 11, 1995·1288||||||||||||||||
|July 11, 1996·1654||||||||||||||||
|July 12, 1992·194||||||||||||||||
|July 12, 1993·559||||||||||||||||
|May 14, 1996·1596||||||||||||||||
|May 14, 1995·1230||||||||||||||||
|May 14, 1994·865||||||||||||||||
|May 14, 1993·500||||||||||||||||
|May 14, 1992·135||||||||||||||||
|May 14, 1998·2326||||||||||||||||
|May 14, 1997·1961||||||||||||||||
|July 11, 1993·558||||||||||||||||
|May 15, 1997·1962||||||||||||||||
|July 11, 1994·923||||||||||||||||
|May 15, 1996·1597||||||||||||||||
|July 11, 1992·193||||||||||||||||
|May 15, 1998·2327||||||||||||||||
|May 15, 1993·501||||||||||||||||
|May 15, 1992·136||||||||||||||||
|May 15, 1995·1231||||||||||||||||
|May 15, 1994·866||||||||||||||||
|February 22, 1992·53||||||||||||||||
|February 22, 1993·419||||||||||||||||
|February 22, 1994·784||||||||||||||||
|February 22, 1995·1149||||||||||||||||
|February 22, 1996·1514||||||||||||||||
|February 22, 1997·1880||||||||||||||||
|February 22, 1998·2245||||||||||||||||
|February 5, 1996·1497||||||||||||||||
|March 10, 1998·2261||||||||||||||||
|February 5, 1997·1863||||||||||||||||
|March 10, 1997·1896||||||||||||||||
|March 10, 1996·1531||||||||||||||||
|February 5, 1998·2228||||||||||||||||
|March 10, 1995·1165||||||||||||||||
|March 10, 1994·800||||||||||||||||
|March 10, 1993·435||||||||||||||||
|March 10, 1992·70||||||||||||||||
|February 5, 1992·36||||||||||||||||
|February 5, 1993·402||||||||||||||||
|February 5, 1994·767||||||||||||||||
|February 5, 1995·1132||||||||||||||||
|February 2, 1996·1494||||||||||||||||
|February 2, 1995·1129||||||||||||||||
|February 2, 1998·2225||||||||||||||||
|February 2, 1997·1860||||||||||||||||
|February 2, 1992·33||||||||||||||||
|February 2, 1994·764||||||||||||||||
|February 2, 1993·399||||||||||||||||
|February 3, 1993·400||||||||||||||||
|February 3, 1992·34||||||||||||||||
|February 3, 1997·1861||||||||||||||||
|February 3, 1996·1495||||||||||||||||
|February 3, 1995·1130||||||||||||||||
|February 3, 1994·765||||||||||||||||
|May 18, 1992·139||||||||||||||||
|May 18, 1993·504||||||||||||||||
|May 18, 1994·869||||||||||||||||
|May 18, 1995·1234||||||||||||||||
|May 18, 1996·1600||||||||||||||||
|February 3, 1998·2226||||||||||||||||
|May 18, 1997·1965||||||||||||||||
|May 18, 1998·2330||||||||||||||||
|February 4, 1998·2227||||||||||||||||
|February 4, 1997·1862||||||||||||||||
|May 19, 1998·2331||||||||||||||||
|February 4, 1992·35||||||||||||||||
|May 19, 1996·1601||||||||||||||||
|May 19, 1997·1966||||||||||||||||
|February 4, 1994·766||||||||||||||||
|May 19, 1994·870||||||||||||||||
|February 4, 1993·401||||||||||||||||
|May 19, 1995·1235||||||||||||||||
|May 19, 1992·140||||||||||||||||
|February 4, 1996·1496||||||||||||||||
|May 19, 1993·505||||||||||||||||
|February 4, 1995·1131||||||||||||||||
|February 26, 1994·788||||||||||||||||
|November 1, 1994·1036||||||||||||||||
|January 17, 1998·2209||||||||||||||||
|February 26, 1993·423||||||||||||||||
|November 1, 1995·1401||||||||||||||||
|January 17, 1997·1844||||||||||||||||
|November 1, 1992·306||||||||||||||||
|January 17, 1996·1478||||||||||||||||
|February 26, 1996·1518||||||||||||||||
|November 1, 1993·671||||||||||||||||
|January 17, 1995·1113||||||||||||||||
|February 26, 1995·1153||||||||||||||||
|January 17, 1994·748||||||||||||||||
|February 26, 1998·2249||||||||||||||||
|November 1, 1998·2497||||||||||||||||
|January 17, 1993·383||||||||||||||||
|February 26, 1997·1884||||||||||||||||
|January 17, 1992·17||||||||||||||||
|November 1, 1996·1767||||||||||||||||
|November 1, 1997·2132||||||||||||||||
|February 26, 1992·57||||||||||||||||
|October 10, 1998·2475||||||||||||||||
|October 10, 1996·1745||||||||||||||||
|October 10, 1997·2110||||||||||||||||
|October 10, 1994·1014||||||||||||||||
|October 10, 1995·1379||||||||||||||||
|October 10, 1992·284||||||||||||||||
|October 10, 1993·649||||||||||||||||
|August 22, 1998·2426||||||||||||||||
|August 22, 1996·1696||||||||||||||||
|August 22, 1997·2061||||||||||||||||
|August 22, 1994·965||||||||||||||||
|August 22, 1995·1330||||||||||||||||
|August 22, 1992·235||||||||||||||||
|August 22, 1993·600||||||||||||||||
|July 15, 1994·927||||||||||||||||
|July 15, 1993·562||||||||||||||||
|July 15, 1992·197||||||||||||||||
|July 15, 1998·2388||||||||||||||||
|July 15, 1997·2023||||||||||||||||
|July 15, 1996·1658||||||||||||||||
|July 15, 1995·1292||||||||||||||||
|March 18, 1992·78||||||||||||||||
|March 18, 1994·808||||||||||||||||
|March 18, 1993·443||||||||||||||||
|March 18, 1996·1539||||||||||||||||
|March 18, 1995·1173||||||||||||||||
|March 18, 1998·2269||||||||||||||||
|March 18, 1997·1904||||||||||||||||
|February 21, 1998·2244||||||||||||||||
|November 6, 1992·311||||||||||||||||
|November 6, 1994·1041||||||||||||||||
|November 6, 1993·676||||||||||||||||
|February 21, 1992·52||||||||||||||||
|February 21, 1993·418||||||||||||||||
|February 21, 1996·1513||||||||||||||||
|February 21, 1997·1879||||||||||||||||
|February 21, 1994·783||||||||||||||||
|February 21, 1995·1148||||||||||||||||
|September 15, 1993·624||||||||||||||||
|October 15, 1996·1750||||||||||||||||
|September 15, 1992·259||||||||||||||||
|October 15, 1995·1384||||||||||||||||
|September 15, 1995·1354||||||||||||||||
|October 15, 1998·2480||||||||||||||||
|September 15, 1994·989||||||||||||||||
|October 15, 1997·2115||||||||||||||||
|October 15, 1992·289||||||||||||||||
|September 15, 1997·2085||||||||||||||||
|September 15, 1996·1720||||||||||||||||
|October 15, 1994·1019||||||||||||||||
|October 15, 1993·654||||||||||||||||
|September 15, 1998·2450||||||||||||||||
|November 6, 1996·1772||||||||||||||||
|November 6, 1995·1406||||||||||||||||
|November 6, 1998·2502||||||||||||||||
|November 6, 1997·2137||||||||||||||||
|October 31, 1996·1766||||||||||||||||
|August 27, 1998·2431||||||||||||||||
|October 31, 1995·1400||||||||||||||||
|August 27, 1997·2066||||||||||||||||
|October 31, 1994·1035||||||||||||||||
|October 31, 1993·670||||||||||||||||
|October 31, 1992·305||||||||||||||||
|August 27, 1994·970||||||||||||||||
|August 27, 1993·605||||||||||||||||
|August 27, 1996·1701||||||||||||||||
|August 27, 1995·1335||||||||||||||||
|July 10, 1992·192||||||||||||||||
|July 10, 1993·557||||||||||||||||
|August 27, 1992·240||||||||||||||||
|July 10, 1994·922||||||||||||||||
|July 10, 1995·1287||||||||||||||||
|October 31, 1998·2496||||||||||||||||
|October 31, 1997·2131||||||||||||||||
|March 13, 1994·803||||||||||||||||
|July 10, 1996·1653||||||||||||||||
|March 13, 1995·1168||||||||||||||||
|July 10, 1997·2018||||||||||||||||
|March 13, 1992·73||||||||||||||||
|July 10, 1998·2383||||||||||||||||
|March 13, 1993·438||||||||||||||||
|March 13, 1998·2264||||||||||||||||
|March 13, 1996·1534||||||||||||||||
|March 13, 1997·1899||||||||||||||||
|March 5, 1994·795||||||||||||||||
|March 5, 1993·430||||||||||||||||
|March 5, 1992·65||||||||||||||||
|March 5, 1998·2256||||||||||||||||
|March 5, 1997·1891||||||||||||||||
|March 5, 1996·1526||||||||||||||||
|March 5, 1995·1160||||||||||||||||
|May 4, 1993·490||||||||||||||||
|April 27, 1994·848||||||||||||||||
|October 8, 1996·1743||||||||||||||||
|May 4, 1992·125||||||||||||||||
|April 27, 1995·1213||||||||||||||||
|October 8, 1995·1377||||||||||||||||
|April 27, 1992·118||||||||||||||||
|October 8, 1998·2473||||||||||||||||
|April 27, 1993·483||||||||||||||||
|October 8, 1997·2108||||||||||||||||
|November 22, 1998·2518||||||||||||||||
|November 22, 1997·2153||||||||||||||||
|June 25, 1993·542||||||||||||||||
|June 25, 1992·177||||||||||||||||
|November 22, 1994·1057||||||||||||||||
|June 25, 1995·1272||||||||||||||||
|November 22, 1993·692||||||||||||||||
|June 25, 1994·907||||||||||||||||
|November 22, 1996·1788||||||||||||||||
|June 25, 1997·2003||||||||||||||||
|November 22, 1995·1422||||||||||||||||
|June 25, 1996·1638||||||||||||||||
|April 27, 1998·2309||||||||||||||||
|June 25, 1998·2368||||||||||||||||
|November 22, 1992·327||||||||||||||||
|April 27, 1996·1579||||||||||||||||
|April 27, 1997·1944||||||||||||||||
|May 4, 1998·2316||||||||||||||||
|October 8, 1992·282||||||||||||||||
|May 4, 1997·1951||||||||||||||||
|May 4, 1996·1586||||||||||||||||
|October 8, 1994·1012||||||||||||||||
|May 4, 1995·1220||||||||||||||||
|October 8, 1993·647||||||||||||||||
|May 4, 1994·855||||||||||||||||
|November 18, 1998·2514||||||||||||||||
|November 18, 1992·323||||||||||||||||
|November 18, 1993·688||||||||||||||||
|November 18, 1996·1784||||||||||||||||
|November 18, 1997·2149||||||||||||||||
|November 18, 1994·1053||||||||||||||||
|November 18, 1995·1418||||||||||||||||
|November 27, 1997·2158||||||||||||||||
|November 27, 1996·1793||||||||||||||||
|September 24, 1992·268||||||||||||||||
|December 14, 1997·2175||||||||||||||||
|September 24, 1993·633||||||||||||||||
|November 27, 1998·2523||||||||||||||||
|December 14, 1998·2540||||||||||||||||
|November 27, 1993·697||||||||||||||||
|November 27, 1992·332||||||||||||||||
|November 27, 1995·1427||||||||||||||||
|November 27, 1994·1062||||||||||||||||
|June 7, 1995·1254||||||||||||||||
|September 24, 1998·2459||||||||||||||||
|December 14, 1992·349||||||||||||||||
|June 7, 1994·889||||||||||||||||
|June 7, 1997·1985||||||||||||||||
|June 7, 1996·1620||||||||||||||||
|September 24, 1994·998||||||||||||||||
|December 14, 1995·1444||||||||||||||||
|September 24, 1995·1363||||||||||||||||
|December 14, 1996·1810||||||||||||||||
|June 7, 1998·2350||||||||||||||||
|December 14, 1993·714||||||||||||||||
|September 24, 1996·1729||||||||||||||||
|December 14, 1994·1079||||||||||||||||
|September 24, 1997·2094||||||||||||||||
|September 6, 1998·2441||||||||||||||||
|June 7, 1993·524||||||||||||||||
|May 9, 1997·1956||||||||||||||||
|September 6, 1997·2076||||||||||||||||
|June 7, 1992·159||||||||||||||||
|September 6, 1996·1711||||||||||||||||
|May 9, 1998·2321||||||||||||||||
|May 9, 1995·1225||||||||||||||||
|May 9, 1996·1591||||||||||||||||
|May 9, 1993·495||||||||||||||||
|July 24, 1997·2032||||||||||||||||
|May 9, 1994·860||||||||||||||||
|July 24, 1998·2397||||||||||||||||
|July 24, 1995·1301||||||||||||||||
|May 9, 1992·130||||||||||||||||
|July 24, 1996·1667||||||||||||||||
|July 24, 1993·571||||||||||||||||
|July 24, 1994·936||||||||||||||||
|July 24, 1992·206||||||||||||||||
|January 21, 1993·387||||||||||||||||
|January 21, 1992·21||||||||||||||||
|January 21, 1997·1848||||||||||||||||
|July 31, 1997·2039||||||||||||||||
|January 21, 1996·1482||||||||||||||||
|July 31, 1998·2404||||||||||||||||
|January 21, 1995·1117||||||||||||||||
|January 21, 1994·752||||||||||||||||
|March 27, 1997·1913||||||||||||||||
|March 27, 1998·2278||||||||||||||||
|January 21, 1998·2213||||||||||||||||
|March 27, 1993·452||||||||||||||||
|March 27, 1994·817||||||||||||||||
|March 27, 1995·1182||||||||||||||||
|March 27, 1996·1548||||||||||||||||
|March 27, 1992·87||||||||||||||||
|April 10, 1993·466||||||||||||||||
|April 10, 1992·101||||||||||||||||
|December 4, 1992·339||||||||||||||||
|December 4, 1993·704||||||||||||||||
|December 4, 1996·1800||||||||||||||||
|December 4, 1997·2165||||||||||||||||
|December 4, 1994·1069||||||||||||||||
|December 4, 1995·1434||||||||||||||||
|July 29, 1997·2037||||||||||||||||
|July 29, 1996·1672||||||||||||||||
|December 4, 1998·2530||||||||||||||||
|July 29, 1998·2402||||||||||||||||
|July 29, 1993·576||||||||||||||||
|April 10, 1995·1196||||||||||||||||
|July 29, 1992·211||||||||||||||||
|April 10, 1994·831||||||||||||||||
|July 29, 1995·1306||||||||||||||||
|April 10, 1997·1927||||||||||||||||
|July 29, 1994·941||||||||||||||||
|April 10, 1996·1562||||||||||||||||
|April 10, 1998·2292||||||||||||||||
|December 21, 1992·356||||||||||||||||
|March 22, 1998·2273||||||||||||||||
|December 21, 1994·1086||||||||||||||||
|March 22, 1995·1177||||||||||||||||
|December 21, 1993·721||||||||||||||||
|March 22, 1994·812||||||||||||||||
|December 21, 1996·1817||||||||||||||||
|March 22, 1997·1908||||||||||||||||
|December 21, 1995·1451||||||||||||||||
|March 22, 1996·1543||||||||||||||||
|December 21, 1998·2547||||||||||||||||
|December 21, 1997·2182||||||||||||||||
|March 22, 1993·447||||||||||||||||
|March 22, 1992·82||||||||||||||||
|April 22, 1998·2304||||||||||||||||
|April 22, 1997·1939||||||||||||||||
|April 4, 1992·95||||||||||||||||
|April 22, 1996·1574||||||||||||||||
|April 22, 1995·1208||||||||||||||||
|April 22, 1994·843||||||||||||||||
|April 22, 1993·478||||||||||||||||
|December 30, 1992·365||||||||||||||||
|December 30, 1993·730||||||||||||||||
|December 30, 1994·1095||||||||||||||||
|April 15, 1997·1932||||||||||||||||
|April 15, 1998·2297||||||||||||||||
|December 9, 1992·344||||||||||||||||
|December 9, 1994·1074||||||||||||||||
|December 30, 1995·1460||||||||||||||||
|December 9, 1993·709||||||||||||||||
|December 30, 1996·1826||||||||||||||||
|December 9, 1996·1805||||||||||||||||
|December 30, 1997·2191||||||||||||||||
|December 9, 1995·1439||||||||||||||||
|December 30, 1998·2556||||||||||||||||
|April 22, 1992·113||||||||||||||||
|October 3, 1994·1007||||||||||||||||
|April 4, 1996·1556||||||||||||||||
|December 9, 1998·2535||||||||||||||||
|April 4, 1995·1190||||||||||||||||
|October 3, 1995·1372||||||||||||||||
|December 9, 1997·2170||||||||||||||||
|October 3, 1992·277||||||||||||||||
|April 4, 1994·825||||||||||||||||
|April 15, 1992·106||||||||||||||||
|April 4, 1993·460||||||||||||||||
|October 3, 1993·642||||||||||||||||
|April 15, 1993·471||||||||||||||||
|October 3, 1998·2468||||||||||||||||
|April 15, 1994·836||||||||||||||||
|April 15, 1995·1201||||||||||||||||
|October 3, 1996·1738||||||||||||||||
|April 4, 1998·2286||||||||||||||||
|April 15, 1996·1567||||||||||||||||
|April 4, 1997·1921||||||||||||||||
|October 3, 1997·2103||||||||||||||||
|April 7, 1998·2289||||||||||||||||
|April 7, 1996·1559||||||||||||||||
|April 7, 1997·1924||||||||||||||||
|April 7, 1994·828||||||||||||||||
|April 7, 1995·1193||||||||||||||||
|April 7, 1992·98||||||||||||||||
|April 7, 1993·463||||||||||||||||
|December 26, 1996·1822||||||||||||||||
|December 26, 1997·2187||||||||||||||||
|December 26, 1998·2552||||||||||||||||
|December 26, 1992·361||||||||||||||||
|December 26, 1993·726||||||||||||||||
|December 26, 1994·1091||||||||||||||||
|December 26, 1995·1456||||||||||||||||
|December 19, 1994·1084||||||||||||||||
|December 19, 1995·1449||||||||||||||||
|December 19, 1992·354||||||||||||||||
|December 19, 1993·719||||||||||||||||
|January 12, 1992·12||||||||||||||||
|December 19, 1998·2545||||||||||||||||
|January 12, 1993·378||||||||||||||||
|January 12, 1994·743||||||||||||||||
|December 19, 1996·1815||||||||||||||||
|January 12, 1995·1108||||||||||||||||
|December 19, 1997·2180||||||||||||||||
|September 29, 1992·273||||||||||||||||
|September 29, 1996·1734||||||||||||||||
|September 29, 1995·1368||||||||||||||||
|September 29, 1994·1003||||||||||||||||
|September 29, 1993·638||||||||||||||||
|June 2, 1993·519||||||||||||||||
|July 31, 1993·578||||||||||||||||
|June 2, 1994·884||||||||||||||||
|July 31, 1994·943||||||||||||||||
|July 31, 1995·1308||||||||||||||||
|September 29, 1998·2464||||||||||||||||
|June 2, 1992·154||||||||||||||||
|July 31, 1996·1674||||||||||||||||
|September 29, 1997·2099||||||||||||||||
|June 2, 1997·1980||||||||||||||||
|June 2, 1998·2345||||||||||||||||
|June 2, 1995·1249||||||||||||||||
|July 31, 1992·213||||||||||||||||
|June 2, 1996·1615||||||||||||||||
|January 12, 1996·1473||||||||||||||||
|January 12, 1997·1839||||||||||||||||
|January 12, 1998·2204||||||||||||||||
|January 24, 1996·1485||||||||||||||||
|January 24, 1995·1120||||||||||||||||
|January 24, 1998·2216||||||||||||||||
|January 24, 1997·1851||||||||||||||||
|September 9, 1994·983||||||||||||||||
|August 7, 1998·2411||||||||||||||||
|September 9, 1993·618||||||||||||||||
|August 7, 1997·2046||||||||||||||||
|September 9, 1996·1714||||||||||||||||
|September 9, 1995·1348||||||||||||||||
|August 7, 1994·950||||||||||||||||
|September 9, 1998·2444||||||||||||||||
|August 7, 1993·585||||||||||||||||
|September 9, 1997·2079||||||||||||||||
|August 7, 1996·1681||||||||||||||||
|August 7, 1995·1315||||||||||||||||
|August 7, 1992·220||||||||||||||||
|January 24, 1992·24||||||||||||||||
|January 24, 1994·755||||||||||||||||
|January 24, 1993·390||||||||||||||||
|February 19, 1992·50||||||||||||||||
|June 11, 1996·1624||||||||||||||||
|June 11, 1995·1258||||||||||||||||
|June 11, 1994·893||||||||||||||||
|June 11, 1993·528||||||||||||||||
|June 11, 1992·163||||||||||||||||
|February 19, 1996·1511||||||||||||||||
|February 19, 1995·1146||||||||||||||||
|February 19, 1994·781||||||||||||||||
|February 19, 1993·416||||||||||||||||
|April 13, 1995·1199||||||||||||||||
|April 13, 1996·1565||||||||||||||||
|April 13, 1997·1930||||||||||||||||
|April 13, 1998·2295||||||||||||||||
|April 13, 1992·104||||||||||||||||
|April 13, 1993·469||||||||||||||||
|June 11, 1998·2354||||||||||||||||
|April 13, 1994·834||||||||||||||||
|June 11, 1997·1989||||||||||||||||
|September 4, 1992·248||||||||||||||||
|September 4, 1993·613||||||||||||||||
|September 4, 1996·1709||||||||||||||||
|September 4, 1997·2074||||||||||||||||
|September 4, 1994·978||||||||||||||||
|September 4, 1995·1343||||||||||||||||
|July 2, 1992·184||||||||||||||||
|August 2, 1998·2406||||||||||||||||
|July 22, 1996·1665||||||||||||||||
|August 2, 1996·1676||||||||||||||||
|April 9, 1998·2291||||||||||||||||
|July 22, 1995·1299||||||||||||||||
|August 2, 1997·2041||||||||||||||||
|August 2, 1994·945||||||||||||||||
|April 9, 1996·1561||||||||||||||||
|July 22, 1998·2395||||||||||||||||
|August 2, 1995·1310||||||||||||||||
|April 9, 1997·1926||||||||||||||||
|July 22, 1997·2030||||||||||||||||
|August 2, 1992·215||||||||||||||||
|August 2, 1993·580||||||||||||||||
|April 9, 1994·830||||||||||||||||
|April 9, 1995·1195||||||||||||||||
|April 9, 1992·100||||||||||||||||
|April 9, 1993·465||||||||||||||||
|June 16, 1998·2359||||||||||||||||
|June 16, 1996·1629||||||||||||||||
|June 16, 1997·1994||||||||||||||||
|July 22, 1992·204||||||||||||||||
|June 16, 1994·898||||||||||||||||
|June 16, 1995·1263||||||||||||||||
|June 16, 1992·168||||||||||||||||
|July 22, 1994·934||||||||||||||||
|June 16, 1993·533||||||||||||||||
|July 22, 1993·569||||||||||||||||
|July 7, 1998·2380||||||||||||||||
|September 9, 1992·253||||||||||||||||
|July 7, 1997·2015||||||||||||||||
|July 7, 1996·1650||||||||||||||||
|July 7, 1995·1284||||||||||||||||
|September 27, 1998·2462||||||||||||||||
|July 7, 1994·919||||||||||||||||
|September 27, 1997·2097||||||||||||||||
|July 7, 1993·554||||||||||||||||
|September 27, 1996·1732||||||||||||||||
|July 7, 1992·189||||||||||||||||
|September 27, 1995·1366||||||||||||||||
|September 27, 1994·1001||||||||||||||||
|September 27, 1993·636||||||||||||||||
|September 27, 1992·271||||||||||||||||
|October 24, 1993·663||||||||||||||||
|October 24, 1994·1028||||||||||||||||
|October 24, 1995·1393||||||||||||||||
|October 24, 1996·1759||||||||||||||||
|October 24, 1997·2124||||||||||||||||
|October 24, 1998·2489||||||||||||||||
|October 24, 1992·298||||||||||||||||
|March 20, 1992·80||||||||||||||||
|July 5, 1992·187||||||||||||||||
|September 22, 1996·1727||||||||||||||||
|March 20, 1993·445||||||||||||||||
|July 5, 1993·552||||||||||||||||
|September 22, 1997·2092||||||||||||||||
|March 20, 1994·810||||||||||||||||
|September 22, 1998·2457||||||||||||||||
|March 20, 1995·1175||||||||||||||||
|March 20, 1996·1541||||||||||||||||
|July 5, 1996·1648||||||||||||||||
|March 20, 1997·1906||||||||||||||||
|July 5, 1997·2013||||||||||||||||
|July 5, 1994·917||||||||||||||||
|March 20, 1998·2271||||||||||||||||
|July 5, 1995·1282||||||||||||||||
|July 5, 1998·2378||||||||||||||||
|September 22, 1992·266||||||||||||||||
|September 22, 1993·631||||||||||||||||
|September 22, 1994·996||||||||||||||||
|September 22, 1995·1361||||||||||||||||
|July 2, 1993·549||||||||||||||||
|August 5, 1995·1313||||||||||||||||
|December 1, 1996·1797||||||||||||||||
|March 8, 1997·1894||||||||||||||||
|July 2, 1994·914||||||||||||||||
|December 1, 1995·1431||||||||||||||||
|March 8, 1996·1529||||||||||||||||
|August 5, 1996·1679||||||||||||||||
|December 1, 1994·1066||||||||||||||||
|July 2, 1995·1279||||||||||||||||
|August 5, 1997·2044||||||||||||||||
|December 1, 1993·701||||||||||||||||
|July 2, 1996·1645||||||||||||||||
|March 8, 1998·2259||||||||||||||||
|August 5, 1998·2409||||||||||||||||
|December 1, 1992·336||||||||||||||||
|March 8, 1993·433||||||||||||||||
|July 2, 1997·2010||||||||||||||||
|March 8, 1992·68||||||||||||||||
|July 2, 1998·2375||||||||||||||||
|March 8, 1995·1163||||||||||||||||
|March 8, 1994·798||||||||||||||||
|September 4, 1998·2439||||||||||||||||
|October 22, 1995·1391||||||||||||||||
|October 22, 1996·1757||||||||||||||||
|October 22, 1997·2122||||||||||||||||
|October 22, 1998·2487||||||||||||||||
|June 18, 1992·170||||||||||||||||
|October 22, 1992·296||||||||||||||||
|June 18, 1993·535||||||||||||||||
|October 22, 1993·661||||||||||||||||
|February 19, 1998·2242||||||||||||||||
|October 22, 1994·1026||||||||||||||||
|February 19, 1997·1877||||||||||||||||
|June 18, 1996·1631||||||||||||||||
|August 5, 1992·218||||||||||||||||
|June 18, 1997·1996||||||||||||||||
|August 5, 1993·583||||||||||||||||
|June 18, 1994·900||||||||||||||||
|December 1, 1998·2527||||||||||||||||
|August 5, 1994·948||||||||||||||||
|June 18, 1995·1265||||||||||||||||
|December 1, 1997·2162||||||||||||||||
|June 18, 1998·2361||||||||||||||||
|September 6, 1995·1345||||||||||||||||
|September 6, 1994·980||||||||||||||||
|September 6, 1993·615||||||||||||||||
|September 6, 1992·250||||||||||||||||
|March 3, 1997·1889||||||||||||||||
|March 3, 1998·2254||||||||||||||||
|March 3, 1995·1158||||||||||||||||
|November 9, 1996·1775||||||||||||||||
|March 3, 1996·1524||||||||||||||||
|November 9, 1997·2140||||||||||||||||
|March 3, 1993·428||||||||||||||||
|November 9, 1998·2505||||||||||||||||
|March 3, 1994·793||||||||||||||||
|November 9, 1992·314||||||||||||||||
|March 3, 1992·63||||||||||||||||
|November 9, 1993·679||||||||||||||||
|November 9, 1994·1044||||||||||||||||
|November 9, 1995·1409||||||||||||||||
|September 1, 1993·610||||||||||||||||
|September 1, 1994·975||||||||||||||||
|September 1, 1995·1340||||||||||||||||
|September 1, 1996·1706||||||||||||||||
|September 1, 1997·2071||||||||||||||||
|September 1, 1998·2436||||||||||||||||
|September 1, 1992·245||||||||||||||||
|May 28, 1993·514||||||||||||||||
|May 28, 1992·149||||||||||||||||
|May 28, 1995·1244||||||||||||||||
|May 28, 1994·879||||||||||||||||
|May 28, 1997·1975||||||||||||||||
|May 28, 1996·1610||||||||||||||||
|May 28, 1998·2340||||||||||||||||
|May 21, 1997·1968||||||||||||||||
|May 21, 1998·2333||||||||||||||||
|May 21, 1995·1237||||||||||||||||
|May 21, 1996·1603||||||||||||||||
|May 21, 1993·507||||||||||||||||
|May 21, 1994·872||||||||||||||||
|January 26, 1992·26||||||||||||||||
|August 20, 1993·598||||||||||||||||
|January 26, 1995·1122||||||||||||||||
|February 17, 1997·1875||||||||||||||||
|August 20, 1992·233||||||||||||||||
|January 26, 1996·1487||||||||||||||||
|February 17, 1998·2240||||||||||||||||
|January 26, 1993·392||||||||||||||||
|February 17, 1995·1144||||||||||||||||
|August 20, 1995·1328||||||||||||||||
|November 15, 1998·2511||||||||||||||||
|January 26, 1994·757||||||||||||||||
|August 20, 1994·963||||||||||||||||
|February 17, 1996·1509||||||||||||||||
|November 15, 1997·2146||||||||||||||||
|April 29, 1992·120||||||||||||||||
|February 17, 1993·414||||||||||||||||
|November 15, 1996·1781||||||||||||||||
|August 20, 1997·2059||||||||||||||||
|April 29, 1993·485||||||||||||||||
|February 17, 1994·779||||||||||||||||
|November 15, 1995·1415||||||||||||||||
|August 20, 1996·1694||||||||||||||||
|November 15, 1994·1050||||||||||||||||
|January 26, 1997·1853||||||||||||||||
|February 17, 1992·48||||||||||||||||
|November 15, 1993·685||||||||||||||||
|January 26, 1998·2218||||||||||||||||
|August 20, 1998·2424||||||||||||||||
|November 15, 1992·320||||||||||||||||
|April 29, 1996·1581||||||||||||||||
|May 21, 1992·142||||||||||||||||
|April 29, 1997·1946||||||||||||||||
|April 29, 1994·850||||||||||||||||
|April 29, 1995·1215||||||||||||||||
|April 29, 1998·2311||||||||||||||||
|November 10, 1992·315||||||||||||||||
|November 10, 1993·680||||||||||||||||
|November 10, 1994·1045||||||||||||||||
|November 10, 1995·1410||||||||||||||||
|November 10, 1996·1776||||||||||||||||
|November 10, 1997·2141||||||||||||||||
|November 10, 1998·2506||||||||||||||||
|November 8, 1992·313||||||||||||||||
|May 23, 1993·509||||||||||||||||
|October 27, 1993·666||||||||||||||||
|October 27, 1992·301||||||||||||||||
|May 23, 1994·874||||||||||||||||
|May 23, 1992·144||||||||||||||||
|June 13, 1994·895||||||||||||||||
|May 23, 1997·1970||||||||||||||||
|October 27, 1997·2127||||||||||||||||
|June 13, 1993·530||||||||||||||||
|October 27, 1996·1762||||||||||||||||
|May 23, 1998·2335||||||||||||||||
|June 13, 1992·165||||||||||||||||
|May 23, 1995·1239||||||||||||||||
|October 27, 1995·1396||||||||||||||||
|October 27, 1994·1031||||||||||||||||
|May 23, 1996·1605||||||||||||||||
|June 13, 1998·2356||||||||||||||||
|June 13, 1997·1991||||||||||||||||
|June 13, 1996·1626||||||||||||||||
|June 13, 1995·1260||||||||||||||||
|May 26, 1993·512||||||||||||||||
|March 2, 1998·2253||||||||||||||||
|May 26, 1992·147||||||||||||||||
|May 26, 1995·1242||||||||||||||||
|May 26, 1994·877||||||||||||||||
|October 27, 1998·2492||||||||||||||||
|May 26, 1997·1973||||||||||||||||
|May 26, 1996·1608||||||||||||||||
|May 26, 1998·2338||||||||||||||||
|November 8, 1998·2504||||||||||||||||
|November 8, 1997·2139||||||||||||||||
|November 13, 1993·683||||||||||||||||
|November 8, 1994·1043||||||||||||||||
|November 8, 1993·678||||||||||||||||
|November 13, 1994·1048||||||||||||||||
|February 12, 1998·2235||||||||||||||||
|November 8, 1996·1774||||||||||||||||
|February 12, 1997·1870||||||||||||||||
|November 13, 1992·318||||||||||||||||
|November 8, 1995·1408||||||||||||||||
|February 12, 1996·1504||||||||||||||||
|February 12, 1995·1139||||||||||||||||
|November 13, 1997·2144||||||||||||||||
|February 12, 1994·774||||||||||||||||
|November 13, 1998·2509||||||||||||||||
|March 2, 1992·62||||||||||||||||
|February 12, 1993·409||||||||||||||||
|November 13, 1995·1413||||||||||||||||
|February 12, 1992·43||||||||||||||||
|March 2, 1993·427||||||||||||||||
|November 13, 1996·1779||||||||||||||||
|March 2, 1994·792||||||||||||||||
|March 2, 1995·1157||||||||||||||||
|March 2, 1996·1523||||||||||||||||
|March 2, 1997·1888||||||||||||||||
|January 29, 1994·760||||||||||||||||
|January 29, 1995·1125||||||||||||||||
|January 29, 1996·1490||||||||||||||||
|January 29, 1997·1856||||||||||||||||
|October 29, 1992·303||||||||||||||||
|October 29, 1993·668||||||||||||||||
|January 29, 1992·29||||||||||||||||
|October 29, 1994·1033||||||||||||||||
|January 29, 1993·395||||||||||||||||
|October 29, 1995·1398||||||||||||||||
|January 29, 1998·2221||||||||||||||||
|November 11, 1995·1411||||||||||||||||
|February 14, 1998·2237||||||||||||||||
|November 11, 1996·1777||||||||||||||||
|November 11, 1993·681||||||||||||||||
|November 11, 1994·1046||||||||||||||||
|February 14, 1994·776||||||||||||||||
|November 11, 1992·316||||||||||||||||
|February 14, 1995·1141||||||||||||||||
|February 14, 1996·1506||||||||||||||||
|February 14, 1997·1872||||||||||||||||
|February 14, 1992·45||||||||||||||||
|February 14, 1993·411||||||||||||||||
|November 11, 1997·2142||||||||||||||||
|November 11, 1998·2507||||||||||||||||
|May 24, 1998·2336||||||||||||||||
|October 29, 1996·1764||||||||||||||||
|October 29, 1997·2129||||||||||||||||
|May 24, 1992·145||||||||||||||||
|October 29, 1998·2494||||||||||||||||
|May 24, 1993·510||||||||||||||||
|May 24, 1994·875||||||||||||||||
|May 24, 1995·1240||||||||||||||||
|May 24, 1996·1606||||||||||||||||
|May 24, 1997·1971||||||||||||||||
|May 6, 1995·1222||||||||||||||||
|May 6, 1994·857||||||||||||||||
|May 6, 1993·492||||||||||||||||
|May 6, 1992·127||||||||||||||||
|May 6, 1998·2318||||||||||||||||
|May 6, 1997·1953||||||||||||||||
|May 6, 1996·1588||||||||||||||||
|November 24, 1997·2155||||||||||||||||
|November 24, 1998·2520||||||||||||||||
|November 24, 1995·1424||||||||||||||||
|November 24, 1996·1790||||||||||||||||
|November 24, 1993·694||||||||||||||||
|November 24, 1994·1059||||||||||||||||
|November 24, 1992·329||||||||||||||||
|March 24, 1997·1910||||||||||||||||
|March 24, 1996·1545||||||||||||||||
|March 24, 1998·2275||||||||||||||||
|March 24, 1993·449||||||||||||||||
|March 24, 1992·84||||||||||||||||
|March 24, 1995·1179||||||||||||||||
|March 24, 1994·814||||||||||||||||
|December 11, 1992·346||||||||||||||||
|December 11, 1993·711||||||||||||||||
|December 11, 1994·1076||||||||||||||||
|December 11, 1995·1441||||||||||||||||
|December 11, 1996·1807||||||||||||||||
|December 11, 1997·2172||||||||||||||||
|December 11, 1998·2537||||||||||||||||
|June 5, 1993·522||||||||||||||||
|June 5, 1992·157||||||||||||||||
|June 5, 1995·1252||||||||||||||||
|June 5, 1994·887||||||||||||||||
|May 1, 1997·1948||||||||||||||||
|May 1, 1998·2313||||||||||||||||
|May 1, 1993·487||||||||||||||||
|August 16, 1992·229||||||||||||||||
|May 1, 1994·852||||||||||||||||
|May 1, 1995·1217||||||||||||||||
|May 1, 1996·1583||||||||||||||||
|July 21, 1995·1298||||||||||||||||
|July 21, 1994·933||||||||||||||||
|July 21, 1993·568||||||||||||||||
|May 1, 1992·122||||||||||||||||
|July 21, 1992·203||||||||||||||||
|August 16, 1997·2055||||||||||||||||
|August 16, 1998·2420||||||||||||||||
|August 16, 1995·1324||||||||||||||||
|June 5, 1997·1983||||||||||||||||
|June 5, 1996·1618||||||||||||||||
|August 16, 1996·1690||||||||||||||||
|August 16, 1993·594||||||||||||||||
|August 16, 1994·959||||||||||||||||
|June 5, 1998·2348||||||||||||||||
|March 29, 1992·89||||||||||||||||
|March 29, 1993·454||||||||||||||||
|March 29, 1994·819||||||||||||||||
|March 29, 1995·1184||||||||||||||||
|March 29, 1996·1550||||||||||||||||
|March 29, 1997·1915||||||||||||||||
|March 29, 1998·2280||||||||||||||||
|July 21, 1998·2394||||||||||||||||
|July 21, 1997·2029||||||||||||||||
|July 21, 1996·1664||||||||||||||||
|December 16, 1994·1081||||||||||||||||
|December 16, 1993·716||||||||||||||||
|December 16, 1992·351||||||||||||||||
|December 16, 1998·2542||||||||||||||||
|December 16, 1997·2177||||||||||||||||
|December 16, 1996·1812||||||||||||||||
|December 16, 1995·1446||||||||||||||||
|September 18, 1997·2088||||||||||||||||
|September 18, 1998·2453||||||||||||||||
|June 23, 1992·175||||||||||||||||
|September 18, 1993·627||||||||||||||||
|October 17, 1992·291||||||||||||||||
|June 23, 1993·540||||||||||||||||
|September 18, 1994·992||||||||||||||||
|April 25, 1998·2307||||||||||||||||
|January 4, 1992·4||||||||||||||||
|June 23, 1994·905||||||||||||||||
|September 18, 1995·1357||||||||||||||||
|June 23, 1995·1270||||||||||||||||
|September 18, 1996·1723||||||||||||||||
|January 4, 1994·735||||||||||||||||
|October 17, 1995·1386||||||||||||||||
|January 4, 1993·370||||||||||||||||
|October 17, 1996·1752||||||||||||||||
|October 17, 1993·656||||||||||||||||
|January 4, 1996·1465||||||||||||||||
|September 18, 1992·262||||||||||||||||
|October 17, 1994·1021||||||||||||||||
|January 4, 1995·1100||||||||||||||||
|January 4, 1998·2196||||||||||||||||
|January 4, 1997·1831||||||||||||||||
|April 25, 1993·481||||||||||||||||
|April 25, 1992·116||||||||||||||||
|April 25, 1995·1211||||||||||||||||
|June 23, 1996·1636||||||||||||||||
|April 25, 1994·846||||||||||||||||
|June 23, 1997·2001||||||||||||||||
|April 25, 1997·1942||||||||||||||||
|June 23, 1998·2366||||||||||||||||
|April 25, 1996·1577||||||||||||||||
|November 16, 1997·2147||||||||||||||||
|November 16, 1996·1782||||||||||||||||
|November 16, 1998·2512||||||||||||||||
|November 16, 1993·686||||||||||||||||
|November 16, 1992·321||||||||||||||||
|November 16, 1995·1416||||||||||||||||
|November 16, 1994·1051||||||||||||||||
|May 29, 1993·515||||||||||||||||
|October 21, 1994·1025||||||||||||||||
|May 29, 1994·880||||||||||||||||
|October 21, 1995·1390||||||||||||||||
|October 21, 1992·295||||||||||||||||
|May 29, 1995·1245||||||||||||||||
|October 21, 1993·660||||||||||||||||
|May 29, 1996·1611||||||||||||||||
|May 29, 1997·1976||||||||||||||||
|May 29, 1998·2341||||||||||||||||
|October 21, 1998·2486||||||||||||||||
|October 21, 1996·1756||||||||||||||||
|May 29, 1992·150||||||||||||||||
|October 21, 1997·2121||||||||||||||||
|January 19, 1992·19||||||||||||||||
|January 19, 1996·1480||||||||||||||||
|January 19, 1995·1115||||||||||||||||
|January 19, 1994·750||||||||||||||||
|January 19, 1993·385||||||||||||||||
|November 3, 1996·1769||||||||||||||||
|June 19, 1997·1997||||||||||||||||
|November 3, 1997·2134||||||||||||||||
|June 19, 1998·2362||||||||||||||||
|November 3, 1994·1038||||||||||||||||
|January 19, 1998·2211||||||||||||||||
|November 3, 1995·1403||||||||||||||||
|January 19, 1997·1846||||||||||||||||
|November 3, 1992·308||||||||||||||||
|November 3, 1993·673||||||||||||||||
|November 4, 1998·2500||||||||||||||||
|November 4, 1997·2135||||||||||||||||
|November 4, 1994·1039||||||||||||||||
|January 23, 1995·1119||||||||||||||||
|November 4, 1993·674||||||||||||||||
|January 23, 1994·754||||||||||||||||
|January 23, 1993·389||||||||||||||||
|November 4, 1996·1770||||||||||||||||
|January 23, 1992·23||||||||||||||||
|November 4, 1995·1404||||||||||||||||
|November 4, 1992·309||||||||||||||||
|October 17, 1997·2117||||||||||||||||
|October 17, 1998·2482||||||||||||||||
|June 19, 1992·171||||||||||||||||
|June 19, 1993·536||||||||||||||||
|June 19, 1994·901||||||||||||||||
|June 19, 1995·1266||||||||||||||||
|November 3, 1998·2499||||||||||||||||
|June 19, 1996·1632||||||||||||||||
|January 23, 1998·2215||||||||||||||||
|January 23, 1997·1850||||||||||||||||
|January 23, 1996·1484||||||||||||||||
|January 8, 1994·739||||||||||||||||
|June 27, 1997·2005||||||||||||||||
|January 14, 1998·2206||||||||||||||||
|January 8, 1993·374||||||||||||||||
|June 27, 1996·1640||||||||||||||||
|January 8, 1996·1469||||||||||||||||
|January 8, 1995·1104||||||||||||||||
|June 27, 1998·2370||||||||||||||||
|June 27, 1993·544||||||||||||||||
|January 14, 1994·745||||||||||||||||
|January 8, 1998·2200||||||||||||||||
|June 27, 1992·179||||||||||||||||
|January 14, 1995·1110||||||||||||||||
|January 8, 1997·1835||||||||||||||||
|June 27, 1995·1274||||||||||||||||
|January 14, 1996·1475||||||||||||||||
|June 27, 1994·909||||||||||||||||
|January 14, 1997·1841||||||||||||||||
|January 8, 1992·8||||||||||||||||
|January 14, 1992·14||||||||||||||||
|January 14, 1993·380||||||||||||||||
|October 13, 1992·287||||||||||||||||
|October 13, 1994·1017||||||||||||||||
|October 13, 1993·652||||||||||||||||
|October 13, 1996·1748||||||||||||||||
|October 13, 1995·1382||||||||||||||||
|October 13, 1998·2478||||||||||||||||
|October 13, 1997·2113||||||||||||||||
|April 24, 1994·845||||||||||||||||
|April 24, 1993·480||||||||||||||||
|April 24, 1992·115||||||||||||||||
|April 16, 1998·2298||||||||||||||||
|April 24, 1998·2306||||||||||||||||
|April 24, 1997·1941||||||||||||||||
|April 16, 1996·1568||||||||||||||||
|April 24, 1996·1576||||||||||||||||
|April 24, 1995·1210||||||||||||||||
|April 16, 1997·1933||||||||||||||||
|April 16, 1994·837||||||||||||||||
|April 16, 1995·1202||||||||||||||||
|April 16, 1992·107||||||||||||||||
|April 16, 1993·472||||||||||||||||
|April 17, 1992·108||||||||||||||||
|April 17, 1994·838||||||||||||||||
|April 17, 1993·473||||||||||||||||
|March 28, 1994·818||||||||||||||||
|March 28, 1995·1183||||||||||||||||
|March 28, 1992·88||||||||||||||||
|March 28, 1993·453||||||||||||||||
|April 17, 1996·1569||||||||||||||||
|March 28, 1998·2279||||||||||||||||
|April 17, 1995·1203||||||||||||||||
|March 28, 1996·1549||||||||||||||||
|April 17, 1998·2299||||||||||||||||
|March 28, 1997·1914||||||||||||||||
|April 17, 1997·1934||||||||||||||||
|December 15, 1993·715||||||||||||||||
|December 15, 1992·350||||||||||||||||
|December 15, 1995·1445||||||||||||||||
|December 15, 1994·1080||||||||||||||||
|January 9, 1992·9||||||||||||||||
|June 28, 1994·910||||||||||||||||
|December 15, 1997·2176||||||||||||||||
|January 9, 1993·375||||||||||||||||
|June 28, 1993·545||||||||||||||||
|December 15, 1996·1811||||||||||||||||
|June 28, 1992·180||||||||||||||||
|January 9, 1994·740||||||||||||||||
|January 9, 1995·1105||||||||||||||||
|December 15, 1998·2541||||||||||||||||
|January 9, 1996·1470||||||||||||||||
|June 28, 1998·2371||||||||||||||||
|January 9, 1997·1836||||||||||||||||
|June 28, 1997·2006||||||||||||||||
|June 28, 1996·1641||||||||||||||||
|January 9, 1998·2201||||||||||||||||
|June 28, 1995·1275||||||||||||||||
|April 11, 1992·102||||||||||||||||
|October 20, 1998·2485||||||||||||||||
|October 20, 1997·2120||||||||||||||||
|January 15, 1995·1111||||||||||||||||
|October 20, 1996·1755||||||||||||||||
|October 20, 1995·1389||||||||||||||||
|January 15, 1996·1476||||||||||||||||
|January 15, 1993·381||||||||||||||||
|October 20, 1994·1024||||||||||||||||
|October 20, 1993·659||||||||||||||||
|January 15, 1994·746||||||||||||||||
|October 20, 1992·294||||||||||||||||
|January 15, 1997·1842||||||||||||||||
|January 15, 1998·2207||||||||||||||||
|January 15, 1992·15||||||||||||||||
|April 11, 1998·2293||||||||||||||||
|April 11, 1997·1928||||||||||||||||
|April 11, 1996·1563||||||||||||||||
|April 11, 1995·1197||||||||||||||||
|April 11, 1994·832||||||||||||||||
|April 11, 1993·467||||||||||||||||
|March 23, 1992·83||||||||||||||||
|April 12, 1998·2294||||||||||||||||
|April 12, 1996·1564||||||||||||||||
|April 12, 1997·1929||||||||||||||||
|April 12, 1994·833||||||||||||||||
|March 23, 1996·1544||||||||||||||||
|March 23, 1995·1178||||||||||||||||
|April 12, 1995·1198||||||||||||||||
|April 12, 1992·103||||||||||||||||
|March 23, 1994·813||||||||||||||||
|July 30, 1998·2403||||||||||||||||
|March 23, 1993·448||||||||||||||||
|April 12, 1993·468||||||||||||||||
|March 23, 1998·2274||||||||||||||||
|March 23, 1997·1909||||||||||||||||
|July 26, 1993·573||||||||||||||||
|July 26, 1994·938||||||||||||||||
|July 26, 1992·208||||||||||||||||
|January 10, 1998·2202||||||||||||||||
|July 26, 1997·2034||||||||||||||||
|July 26, 1998·2399||||||||||||||||
|July 26, 1995·1303||||||||||||||||
|July 26, 1996·1669||||||||||||||||
|January 10, 1993·376||||||||||||||||
|January 10, 1992·10||||||||||||||||
|January 10, 1997·1837||||||||||||||||
|January 10, 1996·1471||||||||||||||||
|January 10, 1995·1106||||||||||||||||
|January 10, 1994·741||||||||||||||||
|November 28, 1994·1063||||||||||||||||
|November 28, 1993·698||||||||||||||||
|November 28, 1992·333||||||||||||||||
|November 28, 1998·2524||||||||||||||||
|November 28, 1997·2159||||||||||||||||
|November 28, 1996·1794||||||||||||||||
|November 28, 1995·1428||||||||||||||||
|July 25, 1996·1668||||||||||||||||
|July 25, 1997·2033||||||||||||||||
|July 25, 1998·2398||||||||||||||||
|July 25, 1992·207||||||||||||||||
|April 20, 1993·476||||||||||||||||
|July 25, 1993·572||||||||||||||||
|April 20, 1994·841||||||||||||||||
|July 25, 1994·937||||||||||||||||
|April 20, 1992·111||||||||||||||||
|July 25, 1995·1302||||||||||||||||
|November 29, 1998·2525||||||||||||||||
|October 12, 1997·2112||||||||||||||||
|October 12, 1996·1747||||||||||||||||
|November 29, 1993·699||||||||||||||||
|October 12, 1995·1381||||||||||||||||
|November 29, 1992·334||||||||||||||||
|October 12, 1994·1016||||||||||||||||
|November 29, 1995·1429||||||||||||||||
|November 29, 1994·1064||||||||||||||||
|November 29, 1997·2160||||||||||||||||
|November 29, 1996·1795||||||||||||||||
|October 12, 1998·2477||||||||||||||||
|March 31, 1992·91||||||||||||||||
|April 20, 1997·1937||||||||||||||||
|March 31, 1993·456||||||||||||||||
|April 20, 1998·2302||||||||||||||||
|March 31, 1994·821||||||||||||||||
|April 20, 1995·1206||||||||||||||||
|March 31, 1995·1186||||||||||||||||
|April 20, 1996·1572||||||||||||||||
|October 12, 1993·651||||||||||||||||
|March 31, 1996·1552||||||||||||||||
|October 12, 1992·286||||||||||||||||
|March 31, 1997·1917||||||||||||||||
|March 31, 1998·2282||||||||||||||||
|March 25, 1992·85||||||||||||||||
|March 25, 1993·450||||||||||||||||
|March 25, 1994·815||||||||||||||||
|March 25, 1995·1180||||||||||||||||
|June 1, 1996·1614||||||||||||||||
|July 30, 1996·1673||||||||||||||||
|March 25, 1996·1546||||||||||||||||
|June 1, 1997·1979||||||||||||||||
|July 30, 1997·2038||||||||||||||||
|July 30, 1994·942||||||||||||||||
|March 25, 1997·1911||||||||||||||||
|June 1, 1998·2344||||||||||||||||
|July 30, 1995·1307||||||||||||||||
|March 25, 1998·2276||||||||||||||||
|June 1, 1992·153||||||||||||||||
|July 30, 1992·212||||||||||||||||
|June 1, 1993·518||||||||||||||||
|July 30, 1993·577||||||||||||||||
|June 1, 1994·883||||||||||||||||
|June 1, 1995·1248||||||||||||||||
|August 15, 1998·2419||||||||||||||||
|September 14, 1992·258||||||||||||||||
|August 15, 1997·2054||||||||||||||||
|August 15, 1996·1689||||||||||||||||
|August 15, 1995·1323||||||||||||||||
|August 15, 1994·958||||||||||||||||
|August 15, 1993·593||||||||||||||||
|September 14, 1996·1719||||||||||||||||
|August 15, 1992·228||||||||||||||||
|September 14, 1995·1353||||||||||||||||
|September 14, 1994·988||||||||||||||||
|September 14, 1993·623||||||||||||||||
|September 14, 1998·2449||||||||||||||||
|September 14, 1997·2084||||||||||||||||
|December 17, 1998·2543||||||||||||||||
|July 27, 1993·574||||||||||||||||
|July 27, 1992·209||||||||||||||||
|July 27, 1995·1304||||||||||||||||
|December 17, 1995·1447||||||||||||||||
|July 27, 1994·939||||||||||||||||
|December 17, 1994·1082||||||||||||||||
|July 27, 1997·2035||||||||||||||||
|December 17, 1997·2178||||||||||||||||
|July 27, 1996·1670||||||||||||||||
|December 17, 1996·1813||||||||||||||||
|July 27, 1998·2400||||||||||||||||
|December 17, 1993·717||||||||||||||||
|December 17, 1992·352||||||||||||||||
|May 31, 1998·2343||||||||||||||||
|May 31, 1997·1978||||||||||||||||
|May 31, 1996·1613||||||||||||||||
|May 31, 1995·1247||||||||||||||||
|May 31, 1994·882||||||||||||||||
|January 5, 1995·1101||||||||||||||||
|August 10, 1992·223||||||||||||||||
|January 5, 1994·736||||||||||||||||
|January 5, 1993·371||||||||||||||||
|August 10, 1993·588||||||||||||||||
|January 5, 1992·5||||||||||||||||
|August 10, 1994·953||||||||||||||||
|August 10, 1995·1318||||||||||||||||
|August 10, 1996·1684||||||||||||||||
|August 10, 1997·2049||||||||||||||||
|August 10, 1998·2414||||||||||||||||
|May 31, 1993·517||||||||||||||||
|October 16, 1994·1020||||||||||||||||
|May 31, 1992·152||||||||||||||||
|October 16, 1995·1385||||||||||||||||
|October 16, 1996·1751||||||||||||||||
|October 16, 1997·2116||||||||||||||||
|January 5, 1998·2197||||||||||||||||
|October 16, 1992·290||||||||||||||||
|January 5, 1997·1832||||||||||||||||
|October 16, 1993·655||||||||||||||||
|January 5, 1996·1466||||||||||||||||
|November 25, 1992·330||||||||||||||||
|November 25, 1993·695||||||||||||||||
|November 25, 1994·1060||||||||||||||||
|November 25, 1995·1425||||||||||||||||
|November 25, 1996·1791||||||||||||||||
|November 25, 1997·2156||||||||||||||||
|November 25, 1998·2521||||||||||||||||
|May 7, 1992·128||||||||||||||||
|May 7, 1994·858||||||||||||||||
|May 7, 1993·493||||||||||||||||
|May 7, 1996·1589||||||||||||||||
|May 7, 1995·1223||||||||||||||||
|May 7, 1998·2319||||||||||||||||
|May 7, 1997·1954||||||||||||||||
|April 18, 1997·1935||||||||||||||||
|April 18, 1996·1570||||||||||||||||
|April 18, 1995·1204||||||||||||||||
|April 18, 1994·839||||||||||||||||
|April 18, 1998·2300||||||||||||||||
|June 4, 1995·1251||||||||||||||||
|June 4, 1996·1617||||||||||||||||
|June 4, 1993·521||||||||||||||||
|June 4, 1994·886||||||||||||||||
|April 18, 1993·474||||||||||||||||
|April 18, 1992·109||||||||||||||||
|June 4, 1992·156||||||||||||||||
|June 4, 1997·1982||||||||||||||||
|June 4, 1998·2347||||||||||||||||
|November 20, 1992·325||||||||||||||||
|November 20, 1994·1055||||||||||||||||
|November 20, 1993·690||||||||||||||||
|November 20, 1996·1786||||||||||||||||
|November 20, 1995·1420||||||||||||||||
|November 20, 1998·2516||||||||||||||||
|November 20, 1997·2151||||||||||||||||
|May 2, 1994·853||||||||||||||||
|May 2, 1995·1218||||||||||||||||
|May 2, 1992·123||||||||||||||||
|December 10, 1992·345||||||||||||||||
|May 2, 1993·488||||||||||||||||
|December 10, 1994·1075||||||||||||||||
|May 2, 1998·2314||||||||||||||||
|December 10, 1993·710||||||||||||||||
|May 2, 1996·1584||||||||||||||||
|December 10, 1996·1806||||||||||||||||
|December 10, 1995·1440||||||||||||||||
|May 2, 1997·1949||||||||||||||||
|December 10, 1998·2536||||||||||||||||
|December 10, 1997·2171||||||||||||||||
|June 26, 1992·178||||||||||||||||
|June 6, 1998·2349||||||||||||||||
|June 6, 1997·1984||||||||||||||||
|June 6, 1996·1619||||||||||||||||
|June 6, 1995·1253||||||||||||||||
|June 26, 1998·2369||||||||||||||||
|June 26, 1997·2004||||||||||||||||
|June 26, 1996·1639||||||||||||||||
|June 26, 1995·1273||||||||||||||||
|June 26, 1994·908||||||||||||||||
|June 26, 1993·543||||||||||||||||
|January 16, 1993·382||||||||||||||||
|August 17, 1996·1691||||||||||||||||
|June 9, 1998·2352||||||||||||||||
|January 16, 1992·16||||||||||||||||
|August 17, 1997·2056||||||||||||||||
|January 16, 1995·1112||||||||||||||||
|June 9, 1996·1622||||||||||||||||
|August 17, 1998·2421||||||||||||||||
|January 16, 1994·747||||||||||||||||
|June 9, 1997·1987||||||||||||||||
|August 17, 1992·230||||||||||||||||
|June 9, 1994·891||||||||||||||||
|January 16, 1997·1843||||||||||||||||
|October 19, 1997·2119||||||||||||||||
|August 17, 1993·595||||||||||||||||
|June 9, 1995·1256||||||||||||||||
|January 16, 1996·1477||||||||||||||||
|October 19, 1998·2484||||||||||||||||
|June 9, 1992·161||||||||||||||||
|August 17, 1994·960||||||||||||||||
|October 19, 1995·1388||||||||||||||||
|June 9, 1993·526||||||||||||||||
|August 17, 1995·1325||||||||||||||||
|October 19, 1996·1754||||||||||||||||
|January 16, 1998·2208||||||||||||||||
|June 6, 1994·888||||||||||||||||
|June 6, 1993·523||||||||||||||||
|June 6, 1992·158||||||||||||||||
|October 16, 1998·2481||||||||||||||||
|October 19, 1993·658||||||||||||||||
|October 19, 1994·1023||||||||||||||||
|October 19, 1992·293||||||||||||||||
|September 19, 1994·993||||||||||||||||
|September 19, 1995·1358||||||||||||||||
|September 19, 1992·263||||||||||||||||
|September 19, 1993·628||||||||||||||||
|September 19, 1998·2454||||||||||||||||
|September 19, 1996·1724||||||||||||||||
|September 19, 1997·2089||||||||||||||||
|December 12, 1997·2173||||||||||||||||
|December 12, 1998·2538||||||||||||||||
|December 12, 1995·1442||||||||||||||||
|December 12, 1996·1808||||||||||||||||
|December 12, 1993·712||||||||||||||||
|December 12, 1994·1077||||||||||||||||
|December 12, 1992·347||||||||||||||||
|May 5, 1998·2317||||||||||||||||
|May 5, 1997·1952||||||||||||||||
|January 7, 1993·373||||||||||||||||
|May 5, 1994·856||||||||||||||||
|January 7, 1992·7||||||||||||||||
|May 5, 1993·491||||||||||||||||
|May 5, 1996·1587||||||||||||||||
|May 5, 1995·1221||||||||||||||||
|January 7, 1997·1834||||||||||||||||
|January 7, 1996·1468||||||||||||||||
|January 7, 1995·1103||||||||||||||||
|January 7, 1994·738||||||||||||||||
|October 18, 1992·292||||||||||||||||
|October 18, 1993·657||||||||||||||||
|October 18, 1994·1022||||||||||||||||
|October 18, 1995·1387||||||||||||||||
|January 7, 1998·2199||||||||||||||||
|November 23, 1992·328||||||||||||||||
|June 24, 1997·2002||||||||||||||||
|November 23, 1993·693||||||||||||||||
|June 24, 1998·2367||||||||||||||||
|November 23, 1994·1058||||||||||||||||
|June 24, 1995·1271||||||||||||||||
|November 23, 1995·1423||||||||||||||||
|June 24, 1996·1637||||||||||||||||
|January 18, 1998·2210||||||||||||||||
|January 18, 1995·1114||||||||||||||||
|January 18, 1994·749||||||||||||||||
|May 5, 1992·126||||||||||||||||
|January 18, 1997·1845||||||||||||||||
|January 18, 1996·1479||||||||||||||||
|June 24, 1993·541||||||||||||||||
|November 23, 1996·1789||||||||||||||||
|June 24, 1994·906||||||||||||||||
|November 23, 1997·2154||||||||||||||||
|January 18, 1993·384||||||||||||||||
|November 23, 1998·2519||||||||||||||||
|January 18, 1992·18||||||||||||||||
|June 24, 1992·176||||||||||||||||
|August 18, 1993·596||||||||||||||||
|August 18, 1994·961||||||||||||||||
|August 18, 1992·231||||||||||||||||
|August 18, 1997·2057||||||||||||||||
|August 18, 1998·2422||||||||||||||||
|August 18, 1995·1326||||||||||||||||
|August 18, 1996·1692||||||||||||||||
|October 18, 1996·1753||||||||||||||||
|October 18, 1997·2118||||||||||||||||
|October 18, 1998·2483||||||||||||||||
|September 11, 1992·255||||||||||||||||
|September 11, 1993·620||||||||||||||||
|September 11, 1994·985||||||||||||||||
|September 11, 1995·1350||||||||||||||||
|September 11, 1996·1716||||||||||||||||
|September 11, 1997·2081||||||||||||||||
|September 11, 1998·2446||||||||||||||||
|January 2, 1995·1098||||||||||||||||
|November 21, 1997·2152||||||||||||||||
|January 2, 1996·1463||||||||||||||||
|November 21, 1996·1787||||||||||||||||
|November 21, 1995·1421||||||||||||||||
|January 2, 1997·1829||||||||||||||||
|November 21, 1994·1056||||||||||||||||
|January 2, 1998·2194||||||||||||||||
|November 21, 1993·691||||||||||||||||
|January 2, 1992·2||||||||||||||||
|May 3, 1992·124||||||||||||||||
|November 21, 1992·326||||||||||||||||
|January 2, 1993·368||||||||||||||||
|May 3, 1993·489||||||||||||||||
|September 17, 1998·2452||||||||||||||||
|January 2, 1994·733||||||||||||||||
|May 3, 1994·854||||||||||||||||
|November 21, 1998·2517||||||||||||||||
|May 3, 1995·1219||||||||||||||||
|September 17, 1996·1722||||||||||||||||
|May 3, 1996·1585||||||||||||||||
|September 17, 1997·2087||||||||||||||||
|September 17, 1994·991||||||||||||||||
|May 3, 1997·1950||||||||||||||||
|September 17, 1995·1356||||||||||||||||
|May 3, 1998·2315||||||||||||||||
|September 17, 1992·261||||||||||||||||
|September 17, 1993·626||||||||||||||||
|September 16, 1998·2451||||||||||||||||
|September 16, 1997·2086||||||||||||||||
|September 16, 1996·1721||||||||||||||||
|January 3, 1998·2195||||||||||||||||
|September 16, 1995·1355||||||||||||||||
|September 16, 1994·990||||||||||||||||
|September 16, 1993·625||||||||||||||||
|September 16, 1992·260||||||||||||||||
|June 22, 1997·2000||||||||||||||||
|June 22, 1998·2365||||||||||||||||
|January 3, 1992·3||||||||||||||||
|June 22, 1995·1269||||||||||||||||
|January 3, 1993·369||||||||||||||||
|June 22, 1996·1635||||||||||||||||
|June 22, 1993·539||||||||||||||||
|June 22, 1994·904||||||||||||||||
|January 3, 1996·1464||||||||||||||||
|June 22, 1992·174||||||||||||||||
|January 3, 1997·1830||||||||||||||||
|January 3, 1994·734||||||||||||||||
|January 3, 1995·1099||||||||||||||||
|June 21, 1998·2364||||||||||||||||
|June 21, 1992·173||||||||||||||||
|June 21, 1993·538||||||||||||||||
|June 21, 1994·903||||||||||||||||
|June 21, 1995·1268||||||||||||||||
|June 21, 1996·1634||||||||||||||||
|June 21, 1997·1999||||||||||||||||
|June 20, 1992·172||||||||||||||||
|May 30, 1996·1612||||||||||||||||
|May 30, 1995·1246||||||||||||||||
|June 20, 1994·902||||||||||||||||
|May 30, 1998·2342||||||||||||||||
|June 20, 1993·537||||||||||||||||
|May 30, 1997·1977||||||||||||||||
|June 20, 1996·1633||||||||||||||||
|June 20, 1995·1267||||||||||||||||
|June 20, 1998·2363||||||||||||||||
|June 20, 1997·1998||||||||||||||||
|August 11, 1996·1685||||||||||||||||
|August 11, 1997·2050||||||||||||||||
|August 11, 1994·954||||||||||||||||
|August 11, 1995·1319||||||||||||||||
|August 11, 1992·224||||||||||||||||
|August 11, 1993·589||||||||||||||||
|January 1, 1998·2193||||||||||||||||
|January 1, 1996·1462||||||||||||||||
|January 1, 1997·1828||||||||||||||||
|May 30, 1992·151||||||||||||||||
|January 1, 1994·732||||||||||||||||
|January 1, 1995·1097||||||||||||||||
|January 1, 1992·1||||||||||||||||
|May 30, 1994·881||||||||||||||||
|August 11, 1998·2415||||||||||||||||
|January 1, 1993·367||||||||||||||||
|May 30, 1993·516||||||||||||||||
|August 14, 1996·1688||||||||||||||||
|August 14, 1995·1322||||||||||||||||
|September 10, 1997·2080||||||||||||||||
|August 14, 1998·2418||||||||||||||||
|August 14, 1997·2053||||||||||||||||
|September 10, 1998·2445||||||||||||||||
|September 10, 1992·254||||||||||||||||
|August 14, 1992·227||||||||||||||||
|September 10, 1995·1349||||||||||||||||
|September 10, 1996·1715||||||||||||||||
|September 10, 1993·619||||||||||||||||
|August 14, 1994·957||||||||||||||||
|August 14, 1993·592||||||||||||||||
|September 10, 1994·984||||||||||||||||
|August 13, 1995·1321||||||||||||||||
|August 13, 1994·956||||||||||||||||
|August 13, 1993·591||||||||||||||||
|August 13, 1992·226||||||||||||||||
|August 13, 1998·2417||||||||||||||||
|August 13, 1997·2052||||||||||||||||
|August 13, 1996·1687||||||||||||||||
|September 13, 1998·2448||||||||||||||||
|September 13, 1995·1352||||||||||||||||
|September 13, 1994·987||||||||||||||||
|September 13, 1997·2083||||||||||||||||
|September 13, 1996·1718||||||||||||||||
|September 13, 1993·622||||||||||||||||
|September 13, 1992·257||||||||||||||||
|September 12, 1993·621||||||||||||||||
|September 12, 1994·986||||||||||||||||
|September 12, 1992·256||||||||||||||||
|August 12, 1998·2416||||||||||||||||
|August 12, 1997·2051||||||||||||||||
|August 12, 1994·955||||||||||||||||
|August 12, 1993·590||||||||||||||||
|August 12, 1996·1686||||||||||||||||
|August 12, 1995·1320||||||||||||||||
|September 12, 1997·2082||||||||||||||||
|September 12, 1998·2447||||||||||||||||
|August 12, 1992·225||||||||||||||||
|September 12, 1995·1351||||||||||||||||
|September 12, 1996·1717||||||||||||||||
